C10073,External Peripherals
C10082,External Peripherals
C10091,External Peripherals
C1016,External Peripherals
C10181,External Peripherals
C10232,External Peripherals
C1025,External Peripherals
C1028,External Peripherals
C10316,External Peripherals
C10478,External Peripherals
C10496,External Peripherals
C10592,External Peripherals
C10643,External Peripherals
C10655,External Peripherals
C10799,External Peripherals
C10805,External Peripherals
C10817,External Peripherals
C10871,External Peripherals
C10922,External Peripherals
C10934,External Peripherals
C10961,External Peripherals
C10976,External Peripherals
C11051,External Peripherals
C11066,External Peripherals
C11069,External Peripherals
C11132,External Peripherals
C11183,External Peripherals
C1121,External Peripherals
C11276,External Peripherals
C11279,External Peripherals
C11378,External Peripherals
C11417,External Peripherals
C11564,External Peripherals
C11606,External Peripherals
C11660,External Peripherals
C11777,External Peripherals
C119,External Peripherals
C1190,External Peripherals
C11924,External Peripherals
C11939,External Peripherals
C11948,External Peripherals
C11978,External Peripherals
C12056,External Peripherals
C12071,External Peripherals
C12140,External Peripherals
C12197,External Peripherals
C12308,External Peripherals
C12347,External Peripherals
C1382,External Peripherals
C1388,External Peripherals
C1451,External Peripherals
C1487,External Peripherals
C1613,External Peripherals
C1685,External Peripherals
C1784,External Peripherals
C1982,External Peripherals
C1985,External Peripherals
C2003,External Peripherals
C2105,External Peripherals
C2156,External Peripherals
C2177,External Peripherals
C2243,External Peripherals
C2252,External Peripherals
C2300,External Peripherals
C2627,External Peripherals
C2681,External Peripherals
C2711,External Peripherals
C2752,External Peripherals
C2756,External Peripherals
C290,External Peripherals
C2927,External Peripherals
C3002,External Peripherals
C3032,External Peripherals
C305,External Peripherals
C3107,External Peripherals
C3143,External Peripherals
C3161,External Peripherals
C3203,External Peripherals
C3350,External Peripherals
C3542,External Peripherals
C3548,External Peripherals
C3554,External Peripherals
C3569,External Peripherals
C3584,External Peripherals
C3659,External Peripherals
C3689,External Peripherals
C3770,External Peripherals
C3788,External Peripherals
C3839,External Peripherals
C3845,External Peripherals
C3884,External Peripherals
C3887,External Peripherals
C3923,External Peripherals
C3983,External Peripherals
C4124,External Peripherals
C4145,External Peripherals
C419,External Peripherals
C4196,External Peripherals
C4211,External Peripherals
C4217,External Peripherals
C4256,External Peripherals
C4268,External Peripherals
C4325,External Peripherals
C4334,External Peripherals
C4397,External Peripherals
C4484,External Peripherals
C4646,External Peripherals
C467,External Peripherals
C4694,External Peripherals
C4706,External Peripherals
C4727,External Peripherals
C4763,External Peripherals
C4829,External Peripherals
C4835,External Peripherals
C4901,External Peripherals
C4973,External Peripherals
C5153,External Peripherals
C5252,External Peripherals
C527,External Peripherals
C5300,External Peripherals
C5303,External Peripherals
C533,External Peripherals
C5354,External Peripherals
C5471,External Peripherals
C5501,External Peripherals
C5552,External Peripherals
C5600,External Peripherals
C5606,External Peripherals
C5642,External Peripherals
C5837,External Peripherals
C6038,External Peripherals
C6050,External Peripherals
C6056,External Peripherals
C6188,External Peripherals
C6239,External Peripherals
C6251,External Peripherals
C6347,External Peripherals
C6383,External Peripherals
C6449,External Peripherals
C6518,External Peripherals
C6536,External Peripherals
C6584,External Peripherals
C6620,External Peripherals
C6638,External Peripherals
C6923,External Peripherals
C6941,External Peripherals
C7097,External Peripherals
C7295,External Peripherals
C7325,External Peripherals
C7337,External Peripherals
C7493,External Peripherals
C7523,External Peripherals
C7652,External Peripherals
C7697,External Peripherals
C7703,External Peripherals
C7931,External Peripherals
C7982,External Peripherals
C809,External Peripherals
C8507,External Peripherals
C8513,External Peripherals
C8579,External Peripherals
C8663,External Peripherals
C8696,External Peripherals
C887,External Peripherals
C8963,External Peripherals
C8987,External Peripherals
C9056,External Peripherals
C9182,External Peripherals
C9188,External Peripherals
C9548,External Peripherals
C9551,External Peripherals
C956,External Peripherals
C9569,External Peripherals
C959,External Peripherals
C9620,External Peripherals
C9623,External Peripherals
C9710,External Peripherals
C9725,External Peripherals
C9764,External Peripherals
C9797,External Peripherals
C9848,External Peripherals
C100731,External Peripherals
C100821,External Peripherals
C100911,External Peripherals
C10161,External Peripherals
C101811,External Peripherals
C102321,External Peripherals
C10251,External Peripherals
C10281,External Peripherals
C103161,External Peripherals
C104781,External Peripherals
C104961,External Peripherals
C105921,External Peripherals
C106431,External Peripherals
C106551,External Peripherals
C107991,External Peripherals
C108051,External Peripherals
C108171,External Peripherals
C108711,External Peripherals
C109221,External Peripherals
C109341,External Peripherals
C109611,External Peripherals
C109761,External Peripherals
C110511,External Peripherals
C110661,External Peripherals
C110691,External Peripherals
C111321,External Peripherals
C111831,External Peripherals
C11211,External Peripherals
C112761,External Peripherals
C112791,External Peripherals
C113781,External Peripherals
C114171,External Peripherals
C115641,External Peripherals
C116061,External Peripherals
C116601,External Peripherals
C117771,External Peripherals
C1191,External Peripherals
C11901,External Peripherals
C119241,External Peripherals
C119391,External Peripherals
C119481,External Peripherals
C119781,External Peripherals
C120561,External Peripherals
C120711,External Peripherals
C121401,External Peripherals
C121971,External Peripherals
C123081,External Peripherals
C123471,External Peripherals
C13821,External Peripherals
C13881,External Peripherals
C14511,External Peripherals
C14871,External Peripherals
C16131,External Peripherals
C16851,External Peripherals
C17841,External Peripherals
C19821,External Peripherals
C19851,External Peripherals
C20031,External Peripherals
C21051,External Peripherals
C21561,External Peripherals
C21771,External Peripherals
C22431,External Peripherals
C22521,External Peripherals
C23001,External Peripherals
C26271,External Peripherals
C26811,External Peripherals
C27111,External Peripherals
C27521,External Peripherals
C27561,External Peripherals
C2901,External Peripherals
C29271,External Peripherals
C30021,External Peripherals
C30321,External Peripherals
C3051,External Peripherals
C31071,External Peripherals
C31431,External Peripherals
C31611,External Peripherals
C32031,External Peripherals
C33501,External Peripherals
C35421,External Peripherals
C35481,External Peripherals
C35541,External Peripherals
C35691,External Peripherals
C35841,External Peripherals
C36591,External Peripherals
C36891,External Peripherals
C37701,External Peripherals
C37881,External Peripherals
C38391,External Peripherals
C38451,External Peripherals
C38841,External Peripherals
C38871,External Peripherals
C39231,External Peripherals
C39831,External Peripherals
C41241,External Peripherals
C41451,External Peripherals
C4191,External Peripherals
C41961,External Peripherals
C42111,External Peripherals
C42171,External Peripherals
C42561,External Peripherals
C42681,External Peripherals
C43251,External Peripherals
C43341,External Peripherals
C43971,External Peripherals
C44841,External Peripherals
C46461,External Peripherals
C4671,External Peripherals
C46941,External Peripherals
C47061,External Peripherals
C47271,External Peripherals
C47631,External Peripherals
C48291,External Peripherals
C48351,External Peripherals
C49011,External Peripherals
C49731,External Peripherals
C51531,External Peripherals
C52521,External Peripherals
C5271,External Peripherals
C53001,External Peripherals
C53031,External Peripherals
C5331,External Peripherals
C53541,External Peripherals
C54711,External Peripherals
C55011,External Peripherals
C55521,External Peripherals
C56001,External Peripherals
C56061,External Peripherals
C56421,External Peripherals
C58371,External Peripherals
C60381,External Peripherals
C60501,External Peripherals
C60561,External Peripherals
C61881,External Peripherals
C62391,External Peripherals
C62511,External Peripherals
C63471,External Peripherals
C63831,External Peripherals
C64491,External Peripherals
C65181,External Peripherals
C65361,External Peripherals
C65841,External Peripherals
C66201,External Peripherals
C66381,External Peripherals
C69231,External Peripherals
C69411,External Peripherals
C70971,External Peripherals
C72951,External Peripherals
C73251,External Peripherals
C73371,External Peripherals
C74931,External Peripherals
C75231,External Peripherals
C76521,External Peripherals
C76971,External Peripherals
C77031,External Peripherals
C79311,External Peripherals
C79821,External Peripherals
C8091,External Peripherals
C85071,External Peripherals
C85131,External Peripherals
C85791,External Peripherals
C86631,External Peripherals
C86961,External Peripherals
C8871,External Peripherals
C89631,External Peripherals
C89871,External Peripherals
C90561,External Peripherals
C91821,External Peripherals
C91881,External Peripherals
C95481,External Peripherals
C95511,External Peripherals
C9561,External Peripherals
C95691,External Peripherals
C9591,External Peripherals
C96201,External Peripherals
C96231,External Peripherals
C97101,External Peripherals
C97251,External Peripherals
C97641,External Peripherals
C97971,External Peripherals
C98481,External Peripherals
C100732,External Peripherals
C100822,External Peripherals
C100912,External Peripherals
C10162,External Peripherals
C101812,External Peripherals
C102322,External Peripherals
C10252,External Peripherals
C10282,External Peripherals
C103162,External Peripherals
C104782,External Peripherals
C104962,External Peripherals
C105922,External Peripherals
C106432,External Peripherals
C106552,External Peripherals
C107992,External Peripherals
C108052,External Peripherals
C108172,External Peripherals
C108712,External Peripherals
C109222,External Peripherals
C109342,External Peripherals
C109612,External Peripherals
C109762,External Peripherals
C110512,External Peripherals
C110662,External Peripherals
C110692,External Peripherals
C111322,External Peripherals
C111832,External Peripherals
C11212,External Peripherals
C112762,External Peripherals
C112792,External Peripherals
C113782,External Peripherals
C114172,External Peripherals
C115642,External Peripherals
C116062,External Peripherals
C116602,External Peripherals
C117772,External Peripherals
C1192,External Peripherals
C11902,External Peripherals
C119242,External Peripherals
C119392,External Peripherals
C119482,External Peripherals
C119782,External Peripherals
C120562,External Peripherals
C120712,External Peripherals
C121402,External Peripherals
C121972,External Peripherals
C123082,External Peripherals
C123472,External Peripherals
C13822,External Peripherals
C13882,External Peripherals
C14512,External Peripherals
C14872,External Peripherals
C16132,External Peripherals
C16852,External Peripherals
C17842,External Peripherals
C19822,External Peripherals
C19852,External Peripherals
C20032,External Peripherals
C21052,External Peripherals
C21562,External Peripherals
C21772,External Peripherals
C22432,External Peripherals
C22522,External Peripherals
C23002,External Peripherals
C26272,External Peripherals
C26812,External Peripherals
C27112,External Peripherals
C27522,External Peripherals
C27562,External Peripherals
C2902,External Peripherals
C29272,External Peripherals
C30022,External Peripherals
C30322,External Peripherals
C3052,External Peripherals
C31072,External Peripherals
C31432,External Peripherals
C31612,External Peripherals
C32032,External Peripherals
C33502,External Peripherals
C35422,External Peripherals
C35482,External Peripherals
C35542,External Peripherals
C35692,External Peripherals
C35842,External Peripherals
C36592,External Peripherals
C36892,External Peripherals
C37702,External Peripherals
C37882,External Peripherals
C38392,External Peripherals
C38452,External Peripherals
C38842,External Peripherals
C38872,External Peripherals
C39232,External Peripherals
C39832,External Peripherals
C41242,External Peripherals
C41452,External Peripherals
C4192,External Peripherals
C41962,External Peripherals
C42112,External Peripherals
C42172,External Peripherals
C42562,External Peripherals
C42682,External Peripherals
C43252,External Peripherals
C43342,External Peripherals
C43972,External Peripherals
C44842,External Peripherals
C46462,External Peripherals
C4672,External Peripherals
C46942,External Peripherals
C47062,External Peripherals
C47272,External Peripherals
C47632,External Peripherals
C48292,External Peripherals
C48352,External Peripherals
C49012,External Peripherals
C49732,External Peripherals
C51532,External Peripherals
C52522,External Peripherals
C5272,External Peripherals
C53002,External Peripherals
C53032,External Peripherals
C5332,External Peripherals
C53542,External Peripherals
C54712,External Peripherals
C55012,External Peripherals
C55522,External Peripherals
C56002,External Peripherals
C56062,External Peripherals
C56422,External Peripherals
C58372,External Peripherals
C60382,External Peripherals
C60502,External Peripherals
C60562,External Peripherals
C61882,External Peripherals
C62392,External Peripherals
C62512,External Peripherals
C63472,External Peripherals
C63832,External Peripherals
C64492,External Peripherals
C65182,External Peripherals
C65362,External Peripherals
C65842,External Peripherals
C66202,External Peripherals
C66382,External Peripherals
C69232,External Peripherals
C69412,External Peripherals
C70972,External Peripherals
C72952,External Peripherals
C73252,External Peripherals
C73372,External Peripherals
C74932,External Peripherals
C75232,External Peripherals
C76522,External Peripherals
C76972,External Peripherals
C77032,External Peripherals
C79312,External Peripherals
C79822,External Peripherals
C8092,External Peripherals
C85072,External Peripherals
C85132,External Peripherals
C85792,External Peripherals
C86632,External Peripherals
C86962,External Peripherals
C8872,External Peripherals
C89632,External Peripherals
C89872,External Peripherals
C90562,External Peripherals
C91822,External Peripherals
C91882,External Peripherals
C95482,External Peripherals
C95512,External Peripherals
C9562,External Peripherals
C95692,External Peripherals
C9592,External Peripherals
C96202,External Peripherals
C96232,External Peripherals
C97102,External Peripherals
C97252,External Peripherals
C97642,External Peripherals
C97972,External Peripherals
C98482,External Peripherals
C100733,External Peripherals
C100823,External Peripherals
C100913,External Peripherals
C10163,External Peripherals
C101813,External Peripherals
C102323,External Peripherals
C10253,External Peripherals
C10283,External Peripherals
C103163,External Peripherals
C104783,External Peripherals
C104963,External Peripherals
C105923,External Peripherals
C106433,External Peripherals
C106553,External Peripherals
C107993,External Peripherals
C108053,External Peripherals
C108173,External Peripherals
C108713,External Peripherals
C109223,External Peripherals
C109343,External Peripherals
C109613,External Peripherals
C109763,External Peripherals
C110513,External Peripherals
C110663,External Peripherals
C110693,External Peripherals
C111323,External Peripherals
C111833,External Peripherals
C11213,External Peripherals
C112763,External Peripherals
C112793,External Peripherals
C113783,External Peripherals
C114173,External Peripherals
C115643,External Peripherals
C116063,External Peripherals
C116603,External Peripherals
C117773,External Peripherals
C1193,External Peripherals
C11903,External Peripherals
C119243,External Peripherals
C119393,External Peripherals
C119483,External Peripherals
C119783,External Peripherals
C120563,External Peripherals
C120713,External Peripherals
C121403,External Peripherals
C121973,External Peripherals
C123083,External Peripherals
C123473,External Peripherals
C13823,External Peripherals
C13883,External Peripherals
C14513,External Peripherals
C14873,External Peripherals
C16133,External Peripherals
C16853,External Peripherals
C17843,External Peripherals
C19823,External Peripherals
C19853,External Peripherals
C20033,External Peripherals
C21053,External Peripherals
C21563,External Peripherals
C21773,External Peripherals
C22433,External Peripherals
C22523,External Peripherals
C23003,External Peripherals
C26273,External Peripherals
C26813,External Peripherals
C27113,External Peripherals
C27523,External Peripherals
C27563,External Peripherals
C2903,External Peripherals
C29273,External Peripherals
C30023,External Peripherals
C30323,External Peripherals
C3053,External Peripherals
C31073,External Peripherals
C31433,External Peripherals
C31613,External Peripherals
C32033,External Peripherals
C33503,External Peripherals
C35423,External Peripherals
C35483,External Peripherals
C35543,External Peripherals
C35693,External Peripherals
C35843,External Peripherals
C36593,External Peripherals
C36893,External Peripherals
C37703,External Peripherals
C37883,External Peripherals
C38393,External Peripherals
C38453,External Peripherals
C38843,External Peripherals
C38873,External Peripherals
C39233,External Peripherals
C39833,External Peripherals
C41243,External Peripherals
C41453,External Peripherals
C4193,External Peripherals
C41963,External Peripherals
C42113,External Peripherals
C42173,External Peripherals
C42563,External Peripherals
C42683,External Peripherals
C43253,External Peripherals
C43343,External Peripherals
C43973,External Peripherals
C44843,External Peripherals
C46463,External Peripherals
C4673,External Peripherals
C46943,External Peripherals
C47063,External Peripherals
C47273,External Peripherals
C47633,External Peripherals
C48293,External Peripherals
C48353,External Peripherals
C49013,External Peripherals
C49733,External Peripherals
C51533,External Peripherals
C52523,External Peripherals
C5273,External Peripherals
C53003,External Peripherals
C53033,External Peripherals
C5333,External Peripherals
C53543,External Peripherals
C54713,External Peripherals
C55013,External Peripherals
C55523,External Peripherals
C56003,External Peripherals
C56063,External Peripherals
C56423,External Peripherals
C58373,External Peripherals
C60383,External Peripherals
C60503,External Peripherals
C60563,External Peripherals
C61883,External Peripherals
C62393,External Peripherals
C62513,External Peripherals
C63473,External Peripherals
C63833,External Peripherals
C64493,External Peripherals
C65183,External Peripherals
C65363,External Peripherals
C65843,External Peripherals
C66203,External Peripherals
C66383,External Peripherals
C69233,External Peripherals
C69413,External Peripherals
C70973,External Peripherals
C72953,External Peripherals
C73253,External Peripherals
C73373,External Peripherals
C74933,External Peripherals
C75233,External Peripherals
C76523,External Peripherals
C76973,External Peripherals
C77033,External Peripherals
C79313,External Peripherals
C79823,External Peripherals
C8093,External Peripherals
C85073,External Peripherals
C85133,External Peripherals
C85793,External Peripherals
C86633,External Peripherals
C86963,External Peripherals
C8873,External Peripherals
C89633,External Peripherals
C89873,External Peripherals
C90563,External Peripherals
C91823,External Peripherals
C91883,External Peripherals
C95483,External Peripherals
C95513,External Peripherals
C9563,External Peripherals
C95693,External Peripherals
C9593,External Peripherals
C96203,External Peripherals
C96233,External Peripherals
C97103,External Peripherals
C97253,External Peripherals
C97643,External Peripherals
C97973,External Peripherals
C98483,External Peripherals
C100734,External Peripherals
C100824,External Peripherals
C100914,External Peripherals
C10164,External Peripherals
C101814,External Peripherals
C102324,External Peripherals
C10254,External Peripherals
C10284,External Peripherals
C103164,External Peripherals
C104784,External Peripherals
C104964,External Peripherals
C105924,External Peripherals
C106434,External Peripherals
C106554,External Peripherals
C107994,External Peripherals
C108054,External Peripherals
C108174,External Peripherals
C108714,External Peripherals
C109224,External Peripherals
C109344,External Peripherals
C109614,External Peripherals
C109764,External Peripherals
C110514,External Peripherals
C110664,External Peripherals
C110694,External Peripherals
C111324,External Peripherals
C111834,External Peripherals
C11214,External Peripherals
C112764,External Peripherals
C112794,External Peripherals
C113784,External Peripherals
C114174,External Peripherals
C115644,External Peripherals
C116064,External Peripherals
C116604,External Peripherals
C117774,External Peripherals
C1194,External Peripherals
C11904,External Peripherals
C119244,External Peripherals
C119394,External Peripherals
C119484,External Peripherals
C119784,External Peripherals
C120564,External Peripherals
C120714,External Peripherals
C121404,External Peripherals
C121974,External Peripherals
C123084,External Peripherals
C123474,External Peripherals
C13824,External Peripherals
C13884,External Peripherals
C14514,External Peripherals
C14874,External Peripherals
C16134,External Peripherals
C16854,External Peripherals
C17844,External Peripherals
C19824,External Peripherals
C19854,External Peripherals
C20034,External Peripherals
C21054,External Peripherals
C21564,External Peripherals
C21774,External Peripherals
C22434,External Peripherals
C22524,External Peripherals
C23004,External Peripherals
C26274,External Peripherals
C26814,External Peripherals
C27114,External Peripherals
C27524,External Peripherals
C27564,External Peripherals
C2904,External Peripherals
C29274,External Peripherals
C30024,External Peripherals
C30324,External Peripherals
C3054,External Peripherals
C31074,External Peripherals
C31434,External Peripherals
C31614,External Peripherals
C32034,External Peripherals
C33504,External Peripherals
C35424,External Peripherals
C35484,External Peripherals
C35544,External Peripherals
C35694,External Peripherals
C35844,External Peripherals
C36594,External Peripherals
C36894,External Peripherals
C37704,External Peripherals
C37884,External Peripherals
C38394,External Peripherals
C38454,External Peripherals
C38844,External Peripherals
C38874,External Peripherals
C39234,External Peripherals
C39834,External Peripherals
C41244,External Peripherals
C41454,External Peripherals
C4194,External Peripherals
C41964,External Peripherals
C42114,External Peripherals
C42174,External Peripherals
C42564,External Peripherals
C42684,External Peripherals
C43254,External Peripherals
C43344,External Peripherals
C43974,External Peripherals
C44844,External Peripherals
C46464,External Peripherals
C4674,External Peripherals
C46944,External Peripherals
C47064,External Peripherals
C47274,External Peripherals
C47634,External Peripherals
C48294,External Peripherals
C48354,External Peripherals
C49014,External Peripherals
C49734,External Peripherals
C51534,External Peripherals
C52524,External Peripherals
C5274,External Peripherals
C53004,External Peripherals
C53034,External Peripherals
C5334,External Peripherals
C53544,External Peripherals
C54714,External Peripherals
C55014,External Peripherals
C55524,External Peripherals
C56004,External Peripherals
C56064,External Peripherals
C56424,External Peripherals
C58374,External Peripherals
C60384,External Peripherals
C60504,External Peripherals
C60564,External Peripherals
C61884,External Peripherals
C62394,External Peripherals
C62514,External Peripherals
C63474,External Peripherals
C63834,External Peripherals
C64494,External Peripherals
C65184,External Peripherals
C65364,External Peripherals
C65844,External Peripherals
C66204,External Peripherals
C66384,External Peripherals
C69234,External Peripherals
C69414,External Peripherals
C70974,External Peripherals
C72954,External Peripherals
C73254,External Peripherals
C73374,External Peripherals
C74934,External Peripherals
C75234,External Peripherals
C76524,External Peripherals
C76974,External Peripherals
C77034,External Peripherals
C79314,External Peripherals
C79824,External Peripherals
C8094,External Peripherals
C85074,External Peripherals
C85134,External Peripherals
C85794,External Peripherals
C86634,External Peripherals
C86964,External Peripherals
C8874,External Peripherals
C89634,External Peripherals
C89874,External Peripherals
C90564,External Peripherals
C91824,External Peripherals
C91884,External Peripherals
C95484,External Peripherals
C95514,External Peripherals
C9564,External Peripherals
C95694,External Peripherals
C9594,External Peripherals
C96204,External Peripherals
C96234,External Peripherals
C97104,External Peripherals
C97254,External Peripherals
C97644,External Peripherals
C97974,External Peripherals
C98484,External Peripherals
C100735,External Peripherals
C100825,External Peripherals
C100915,External Peripherals
C10165,External Peripherals
C101815,External Peripherals
C102325,External Peripherals
C10255,External Peripherals
C10285,External Peripherals
C103165,External Peripherals
C104785,External Peripherals
C104965,External Peripherals
C105925,External Peripherals
C106435,External Peripherals
C106555,External Peripherals
C107995,External Peripherals
C108055,External Peripherals
C108175,External Peripherals
C108715,External Peripherals
C109225,External Peripherals
C109345,External Peripherals
C109615,External Peripherals
C109765,External Peripherals
C110515,External Peripherals
C110665,External Peripherals
C110695,External Peripherals
C111325,External Peripherals
C111835,External Peripherals
C11215,External Peripherals
C112765,External Peripherals
C112795,External Peripherals
C113785,External Peripherals
C114175,External Peripherals
C115645,External Peripherals
C116065,External Peripherals
C116605,External Peripherals
C117775,External Peripherals
C1195,External Peripherals
C11905,External Peripherals
C119245,External Peripherals
C119395,External Peripherals
C119485,External Peripherals
C119785,External Peripherals
C120565,External Peripherals
C120715,External Peripherals
C121405,External Peripherals
C121975,External Peripherals
C123085,External Peripherals
C123475,External Peripherals
C13825,External Peripherals
C13885,External Peripherals
C14515,External Peripherals
C14875,External Peripherals
C16135,External Peripherals
C16855,External Peripherals
C17845,External Peripherals
C19825,External Peripherals
C19855,External Peripherals
C20035,External Peripherals
C21055,External Peripherals
C21565,External Peripherals
C21775,External Peripherals
C22435,External Peripherals
C22525,External Peripherals
C23005,External Peripherals
C26275,External Peripherals
C26815,External Peripherals
C27115,External Peripherals
C27525,External Peripherals
C27565,External Peripherals
C2905,External Peripherals
C29275,External Peripherals
C30025,External Peripherals
C30325,External Peripherals
C3055,External Peripherals
C31075,External Peripherals
C31435,External Peripherals
C31615,External Peripherals
C32035,External Peripherals
C33505,External Peripherals
C35425,External Peripherals
C35485,External Peripherals
C35545,External Peripherals
C35695,External Peripherals
C35845,External Peripherals
C36595,External Peripherals
C36895,External Peripherals
C37705,External Peripherals
C37885,External Peripherals
C38395,External Peripherals
C38455,External Peripherals
C38845,External Peripherals
C38875,External Peripherals
C39235,External Peripherals
C39835,External Peripherals
C41245,External Peripherals
C41455,External Peripherals
C4195,External Peripherals
C41965,External Peripherals
C42115,External Peripherals
C42175,External Peripherals
C42565,External Peripherals
C42685,External Peripherals
C43255,External Peripherals
C43345,External Peripherals
C43975,External Peripherals
C44845,External Peripherals
C46465,External Peripherals
C4675,External Peripherals
C46945,External Peripherals
C47065,External Peripherals
C47275,External Peripherals
C47635,External Peripherals
C48295,External Peripherals
C48355,External Peripherals
C49015,External Peripherals
C49735,External Peripherals
C51535,External Peripherals
C52525,External Peripherals
C5275,External Peripherals
C53005,External Peripherals
C53035,External Peripherals
C5335,External Peripherals
C53545,External Peripherals
C54715,External Peripherals
C55015,External Peripherals
C55525,External Peripherals
C56005,External Peripherals
C56065,External Peripherals
C56425,External Peripherals
C58375,External Peripherals
C60385,External Peripherals
C60505,External Peripherals
C60565,External Peripherals
C61885,External Peripherals
C62395,External Peripherals
C62515,External Peripherals
C63475,External Peripherals
C63835,External Peripherals
C64495,External Peripherals
C65185,External Peripherals
C65365,External Peripherals
C65845,External Peripherals
C66205,External Peripherals
C66385,External Peripherals
C69235,External Peripherals
C69415,External Peripherals
C70975,External Peripherals
C72955,External Peripherals
C73255,External Peripherals
C73375,External Peripherals
C74935,External Peripherals
C75235,External Peripherals
C76525,External Peripherals
C76975,External Peripherals
C77035,External Peripherals
C79315,External Peripherals
C79825,External Peripherals
C8095,External Peripherals
C85075,External Peripherals
C85135,External Peripherals
C85795,External Peripherals
C86635,External Peripherals
C86965,External Peripherals
C8875,External Peripherals
C89635,External Peripherals
C89875,External Peripherals
C90565,External Peripherals
C91825,External Peripherals
C91885,External Peripherals
C95485,External Peripherals
C95515,External Peripherals
C9565,External Peripherals
C95695,External Peripherals
C9595,External Peripherals
C96205,External Peripherals
C96235,External Peripherals
C97105,External Peripherals
C97255,External Peripherals
C97645,External Peripherals
C97975,External Peripherals
C98485,External Peripherals
C100736,External Peripherals
C100826,External Peripherals
C100916,External Peripherals
C10166,External Peripherals
C101816,External Peripherals
C102326,External Peripherals
C10256,External Peripherals
C10286,External Peripherals
C103166,External Peripherals
C104786,External Peripherals
C104966,External Peripherals
C105926,External Peripherals
C106436,External Peripherals
C106556,External Peripherals
C107996,External Peripherals
C108056,External Peripherals
C108176,External Peripherals
C108716,External Peripherals
C109226,External Peripherals
C109346,External Peripherals
C109616,External Peripherals
C109766,External Peripherals
C110516,External Peripherals
C110666,External Peripherals
C110696,External Peripherals
C111326,External Peripherals
C111836,External Peripherals
C11216,External Peripherals
C112766,External Peripherals
C112796,External Peripherals
C113786,External Peripherals
C114176,External Peripherals
C115646,External Peripherals
C116066,External Peripherals
C116606,External Peripherals
C117776,External Peripherals
C1196,External Peripherals
C11906,External Peripherals
C119246,External Peripherals
C119396,External Peripherals
C119486,External Peripherals
C119786,External Peripherals
C120566,External Peripherals
C120716,External Peripherals
C121406,External Peripherals
C121976,External Peripherals
C123086,External Peripherals
C123476,External Peripherals
C13826,External Peripherals
C13886,External Peripherals
C14516,External Peripherals
C14876,External Peripherals
C16136,External Peripherals
C16856,External Peripherals
C17846,External Peripherals
C19826,External Peripherals
C19856,External Peripherals
C20036,External Peripherals
C21056,External Peripherals
C21566,External Peripherals
C21776,External Peripherals
C22436,External Peripherals
C22526,External Peripherals
C23006,External Peripherals
C26276,External Peripherals
C26816,External Peripherals
C27116,External Peripherals
C27526,External Peripherals
C27566,External Peripherals
C2906,External Peripherals
C29276,External Peripherals
C30026,External Peripherals
C30326,External Peripherals
C3056,External Peripherals
C31076,External Peripherals
C31436,External Peripherals
C31616,External Peripherals
C32036,External Peripherals
C33506,External Peripherals
C35426,External Peripherals
C35486,External Peripherals
C35546,External Peripherals
C35696,External Peripherals
C35846,External Peripherals
C36596,External Peripherals
C36896,External Peripherals
C37706,External Peripherals
C37886,External Peripherals
C38396,External Peripherals
C38456,External Peripherals
C38846,External Peripherals
C38876,External Peripherals
C39236,External Peripherals
C39836,External Peripherals
C41246,External Peripherals
C41456,External Peripherals
C4196,External Peripherals
C41966,External Peripherals
C42116,External Peripherals
C42176,External Peripherals
C42566,External Peripherals
C42686,External Peripherals
C43256,External Peripherals
C43346,External Peripherals
C43976,External Peripherals
C44846,External Peripherals
C46466,External Peripherals
C4676,External Peripherals
C46946,External Peripherals
C47066,External Peripherals
C47276,External Peripherals
C47636,External Peripherals
C48296,External Peripherals
C48356,External Peripherals
C49016,External Peripherals
C49736,External Peripherals
C51536,External Peripherals
C52526,External Peripherals
C5276,External Peripherals
C53006,External Peripherals
C53036,External Peripherals
C5336,External Peripherals
C53546,External Peripherals
C54716,External Peripherals
C55016,External Peripherals
C55526,External Peripherals
C56006,External Peripherals
C56066,External Peripherals
C56426,External Peripherals
C58376,External Peripherals
C60386,External Peripherals
C60506,External Peripherals
C60566,External Peripherals
C61886,External Peripherals
C62396,External Peripherals
C62516,External Peripherals
C63476,External Peripherals
C63836,External Peripherals
C64496,External Peripherals
C65186,External Peripherals
C65366,External Peripherals
C65846,External Peripherals
C66206,External Peripherals
C66386,External Peripherals
C69236,External Peripherals
C69416,External Peripherals
C70976,External Peripherals
C72956,External Peripherals
C73256,External Peripherals
C73376,External Peripherals
C74936,External Peripherals
C75236,External Peripherals
C76526,External Peripherals
C76976,External Peripherals
C77036,External Peripherals
C79316,External Peripherals
C79826,External Peripherals
C8096,External Peripherals
C85076,External Peripherals
C85136,External Peripherals
C85796,External Peripherals
C86636,External Peripherals
C86966,External Peripherals
C8876,External Peripherals
C89636,External Peripherals
C89876,External Peripherals
C90566,External Peripherals
C91826,External Peripherals
C91886,External Peripherals
C95486,External Peripherals
C95516,External Peripherals
C9566,External Peripherals
C95696,External Peripherals
C9596,External Peripherals
C96206,External Peripherals
C96236,External Peripherals
C97106,External Peripherals
C97646,External Peripherals
C97976,External Peripherals
C98486,External Peripherals
C100737,External Peripherals
C100827,External Peripherals
C100917,External Peripherals
C10167,External Peripherals
C101817,External Peripherals
C102327,External Peripherals
C10257,External Peripherals
C10287,External Peripherals
C103167,External Peripherals
C104787,External Peripherals
C104967,External Peripherals
C105927,External Peripherals
C106437,External Peripherals
C106557,External Peripherals
C107997,External Peripherals
C108057,External Peripherals
C108177,External Peripherals
C108717,External Peripherals
C109227,External Peripherals
C109347,External Peripherals
C109617,External Peripherals
C109767,External Peripherals
C110517,External Peripherals
C110667,External Peripherals
C110697,External Peripherals
C111327,External Peripherals
C111837,External Peripherals
C11217,External Peripherals
C112767,External Peripherals
C112797,External Peripherals
C113787,External Peripherals
C114177,External Peripherals
C115647,External Peripherals
C116067,External Peripherals
C116607,External Peripherals
C117777,External Peripherals
C1197,External Peripherals
C11907,External Peripherals
C119247,External Peripherals
C119397,External Peripherals
C119487,External Peripherals
C119787,External Peripherals
C120567,External Peripherals
C120717,External Peripherals
C121407,External Peripherals
C121977,External Peripherals
C123087,External Peripherals
C123477,External Peripherals
C13827,External Peripherals
C13887,External Peripherals
C14517,External Peripherals
C14877,External Peripherals
C16137,External Peripherals
C16857,External Peripherals
C17847,External Peripherals
C19827,External Peripherals
C19857,External Peripherals
C20037,External Peripherals
C21057,External Peripherals
C21567,External Peripherals
C21777,External Peripherals
C22437,External Peripherals
C22527,External Peripherals
C23007,External Peripherals
C26277,External Peripherals
C26817,External Peripherals
C27117,External Peripherals
C27527,External Peripherals
C27567,External Peripherals
C2907,External Peripherals
C29277,External Peripherals
C30027,External Peripherals
C30327,External Peripherals
C3057,External Peripherals
C31077,External Peripherals
C31437,External Peripherals
C31617,External Peripherals
C32037,External Peripherals
C33507,External Peripherals
C35427,External Peripherals
C35487,External Peripherals
C35547,External Peripherals
C35697,External Peripherals
C35847,External Peripherals
C36597,External Peripherals
C36897,External Peripherals
C37707,External Peripherals
C37887,External Peripherals
C38397,External Peripherals
C38457,External Peripherals
C38847,External Peripherals
C38877,External Peripherals
C39237,External Peripherals
C39837,External Peripherals
C41247,External Peripherals
C41457,External Peripherals
C4197,External Peripherals
C41967,External Peripherals
C42117,External Peripherals
C42177,External Peripherals
C42567,External Peripherals
C42687,External Peripherals
C43257,External Peripherals
C43347,External Peripherals
C43977,External Peripherals
C44847,External Peripherals
C46467,External Peripherals
C4677,External Peripherals
C46947,External Peripherals
C47067,External Peripherals
C47277,External Peripherals
C47637,External Peripherals
C48297,External Peripherals
C48357,External Peripherals
C49017,External Peripherals
C49737,External Peripherals
C51537,External Peripherals
C52527,External Peripherals
C5277,External Peripherals
C53007,External Peripherals
C53037,External Peripherals
C5337,External Peripherals
C53547,External Peripherals
C54717,External Peripherals
C55017,External Peripherals
C55527,External Peripherals
C56007,External Peripherals
C56067,External Peripherals
C56427,External Peripherals
C58377,External Peripherals
C60387,External Peripherals
C60507,External Peripherals
C60567,External Peripherals
C61887,External Peripherals
C62397,External Peripherals
C62517,External Peripherals
C63477,External Peripherals
C63837,External Peripherals
C64497,External Peripherals
C65187,External Peripherals
C65367,External Peripherals
C65847,External Peripherals
C66207,External Peripherals
C66387,External Peripherals
C69237,External Peripherals
C69417,External Peripherals
C70977,External Peripherals
C72957,External Peripherals
C73257,External Peripherals
C73377,External Peripherals
C74937,External Peripherals
C75237,External Peripherals
C76527,External Peripherals
C76977,External Peripherals
C77037,External Peripherals
C79317,External Peripherals
C79827,External Peripherals
C8097,External Peripherals
C85077,External Peripherals
C85137,External Peripherals
C85797,External Peripherals
C86637,External Peripherals
C86967,External Peripherals
C8877,External Peripherals
C89637,External Peripherals
C89877,External Peripherals
C90567,External Peripherals
C91827,External Peripherals
C91887,External Peripherals
C95487,External Peripherals
C95517,External Peripherals
C9567,External Peripherals
C95697,External Peripherals
C9597,External Peripherals
C96207,External Peripherals
C96237,External Peripherals
C97107,External Peripherals
C97257,External Peripherals
C97647,External Peripherals
C97977,External Peripherals
C98487,External Peripherals
C100738,External Peripherals
C100828,External Peripherals
C100918,External Peripherals
C10168,External Peripherals
C101818,External Peripherals
C102328,External Peripherals
C10258,External Peripherals
C10288,External Peripherals
C103168,External Peripherals
C104788,External Peripherals
C104968,External Peripherals
C105928,External Peripherals
C106438,External Peripherals
C106558,External Peripherals
C107998,External Peripherals
C108058,External Peripherals
C108178,External Peripherals
C108718,External Peripherals
C109228,External Peripherals
C109348,External Peripherals
C109618,External Peripherals
C109768,External Peripherals
C110518,External Peripherals
C110668,External Peripherals
C110698,External Peripherals
C111328,External Peripherals
C111838,External Peripherals
C11218,External Peripherals
C112768,External Peripherals
C112798,External Peripherals
C113788,External Peripherals
C114178,External Peripherals
C115648,External Peripherals
C116068,External Peripherals
C116608,External Peripherals
C117778,External Peripherals
C1198,External Peripherals
C11908,External Peripherals
C119248,External Peripherals
C119398,External Peripherals
C119488,External Peripherals
C119788,External Peripherals
C120568,External Peripherals
C120718,External Peripherals
C121408,External Peripherals
C121978,External Peripherals
C123088,External Peripherals
C123478,External Peripherals
C13828,External Peripherals
C13888,External Peripherals
C14518,External Peripherals
C14878,External Peripherals
C16138,External Peripherals
C16858,External Peripherals
C17848,External Peripherals
C19828,External Peripherals
C19858,External Peripherals
C20038,External Peripherals
C21058,External Peripherals
C21568,External Peripherals
C21778,External Peripherals
C22438,External Peripherals
C22528,External Peripherals
C23008,External Peripherals
C26278,External Peripherals
C26818,External Peripherals
C27118,External Peripherals
C27528,External Peripherals
C27568,External Peripherals
C2908,External Peripherals
C29278,External Peripherals
C30028,External Peripherals
C30328,External Peripherals
C3058,External Peripherals
C31078,External Peripherals
C31438,External Peripherals
C31618,External Peripherals
C32038,External Peripherals
C33508,External Peripherals
C35428,External Peripherals
C35488,External Peripherals
C35548,External Peripherals
C35698,External Peripherals
C35848,External Peripherals
C36598,External Peripherals
C36898,External Peripherals
C37708,External Peripherals
C37888,External Peripherals
C38398,External Peripherals
C38458,External Peripherals
C38848,External Peripherals
C38878,External Peripherals
C39238,External Peripherals
C39838,External Peripherals
C41248,External Peripherals
C41458,External Peripherals
C4198,External Peripherals
C41968,External Peripherals
C42118,External Peripherals
C42178,External Peripherals
C42568,External Peripherals
C42688,External Peripherals
C43258,External Peripherals
C43348,External Peripherals
C43978,External Peripherals
C44848,External Peripherals
C46468,External Peripherals
C4678,External Peripherals
C46948,External Peripherals
C47068,External Peripherals
C47278,External Peripherals
C47638,External Peripherals
C48298,External Peripherals
C48358,External Peripherals
C49018,External Peripherals
C49738,External Peripherals
C51538,External Peripherals
C52528,External Peripherals
C5278,External Peripherals
C53008,External Peripherals
C53038,External Peripherals
C5338,External Peripherals
C53548,External Peripherals
C54718,External Peripherals
C55018,External Peripherals
C55528,External Peripherals
C56008,External Peripherals
C56068,External Peripherals
C56428,External Peripherals
C58378,External Peripherals
C60388,External Peripherals
C60508,External Peripherals
C60568,External Peripherals
C61888,External Peripherals
C62398,External Peripherals
C62518,External Peripherals
C63478,External Peripherals
C63838,External Peripherals
C64498,External Peripherals
C65188,External Peripherals
C65368,External Peripherals
C65848,External Peripherals
C66208,External Peripherals
C66388,External Peripherals
C69238,External Peripherals
C69418,External Peripherals
C70978,External Peripherals
C72958,External Peripherals
C73258,External Peripherals
C73378,External Peripherals
C74938,External Peripherals
C75238,External Peripherals
C76528,External Peripherals
C76978,External Peripherals
C77038,External Peripherals
C79318,External Peripherals
C79828,External Peripherals
C8098,External Peripherals
C85078,External Peripherals
C85138,External Peripherals
C85798,External Peripherals
C86638,External Peripherals
C86968,External Peripherals
C8878,External Peripherals
C89638,External Peripherals
C89878,External Peripherals
C90568,External Peripherals
C91828,External Peripherals
C91888,External Peripherals
C95488,External Peripherals
C95518,External Peripherals
C9568,External Peripherals
C95698,External Peripherals
C9598,External Peripherals
C96208,External Peripherals
C96238,External Peripherals
C97108,External Peripherals
C97258,External Peripherals
C97648,External Peripherals
C97978,External Peripherals
C98488,External Peripherals
C100739,External Peripherals
C100829,External Peripherals
C100919,External Peripherals
C10169,External Peripherals
C101819,External Peripherals
C102329,External Peripherals
C10259,External Peripherals
C10289,External Peripherals
C103169,External Peripherals
C104789,External Peripherals
C104969,External Peripherals
C105929,External Peripherals
C106439,External Peripherals
C106559,External Peripherals
C107999,External Peripherals
C108059,External Peripherals
C108179,External Peripherals
C108719,External Peripherals
C109229,External Peripherals
C109349,External Peripherals
C109619,External Peripherals
C109769,External Peripherals
C110519,External Peripherals
C110669,External Peripherals
C110699,External Peripherals
C111329,External Peripherals
C111839,External Peripherals
C11219,External Peripherals
C112769,External Peripherals
C112799,External Peripherals
C113789,External Peripherals
C114179,External Peripherals
C115649,External Peripherals
C116069,External Peripherals
C116609,External Peripherals
C117779,External Peripherals
C1199,External Peripherals
C11909,External Peripherals
C119249,External Peripherals
C119399,External Peripherals
C119489,External Peripherals
C119789,External Peripherals
C120569,External Peripherals
C120719,External Peripherals
C121409,External Peripherals
C121979,External Peripherals
C123089,External Peripherals
C123479,External Peripherals
C13829,External Peripherals
C13889,External Peripherals
C14519,External Peripherals
C14879,External Peripherals
C16139,External Peripherals
C16859,External Peripherals
C17849,External Peripherals
C19829,External Peripherals
C19859,External Peripherals
C20039,External Peripherals
C21059,External Peripherals
C21569,External Peripherals
C21779,External Peripherals
C22439,External Peripherals
C22529,External Peripherals
C23009,External Peripherals
C26279,External Peripherals
C26819,External Peripherals
C27119,External Peripherals
C27529,External Peripherals
C27569,External Peripherals
C2909,External Peripherals
C29279,External Peripherals
C30029,External Peripherals
C30329,External Peripherals
C3059,External Peripherals
C31079,External Peripherals
C31439,External Peripherals
C31619,External Peripherals
C32039,External Peripherals
C33509,External Peripherals
C35429,External Peripherals
C35489,External Peripherals
C35549,External Peripherals
C35699,External Peripherals
C35849,External Peripherals
C36599,External Peripherals
C36899,External Peripherals
C37709,External Peripherals
C37889,External Peripherals
C38399,External Peripherals
C38459,External Peripherals
C38849,External Peripherals
C38879,External Peripherals
C39239,External Peripherals
C39839,External Peripherals
C41249,External Peripherals
C41459,External Peripherals
C4199,External Peripherals
C41969,External Peripherals
C42119,External Peripherals
C42179,External Peripherals
C42569,External Peripherals
C42689,External Peripherals
C43259,External Peripherals
C43349,External Peripherals
C43979,External Peripherals
C44849,External Peripherals
C46469,External Peripherals
C4679,External Peripherals
C46949,External Peripherals
C47069,External Peripherals
C47279,External Peripherals
C47639,External Peripherals
C48299,External Peripherals
C48359,External Peripherals
C49019,External Peripherals
C49739,External Peripherals
C51539,External Peripherals
C52529,External Peripherals
C5279,External Peripherals
C53009,External Peripherals
C53039,External Peripherals
C5339,External Peripherals
C53549,External Peripherals
C54719,External Peripherals
C55019,External Peripherals
C55529,External Peripherals
C56009,External Peripherals
C56069,External Peripherals
C56429,External Peripherals
C58379,External Peripherals
C60389,External Peripherals
C60509,External Peripherals
C60569,External Peripherals
C61889,External Peripherals
C62399,External Peripherals
C62519,External Peripherals
C63479,External Peripherals
C63839,External Peripherals
C64499,External Peripherals
C65189,External Peripherals
C65369,External Peripherals
C65849,External Peripherals
C66209,External Peripherals
C66389,External Peripherals
C69239,External Peripherals
C69419,External Peripherals
C70979,External Peripherals
C72959,External Peripherals
C73259,External Peripherals
C73379,External Peripherals
C74939,External Peripherals
C75239,External Peripherals
C76529,External Peripherals
C76979,External Peripherals
C77039,External Peripherals
C79319,External Peripherals
C79829,External Peripherals
C8099,External Peripherals
C85079,External Peripherals
C85139,External Peripherals
C85799,External Peripherals
C86639,External Peripherals
C86969,External Peripherals
C8879,External Peripherals
C89639,External Peripherals
C89879,External Peripherals
C90569,External Peripherals
C91829,External Peripherals
C91889,External Peripherals
C95489,External Peripherals
C95519,External Peripherals
C9569,External Peripherals
C95699,External Peripherals
C9599,External Peripherals
C96209,External Peripherals
C96239,External Peripherals
C97109,External Peripherals
C97259,External Peripherals
C97649,External Peripherals
C97979,External Peripherals
C98489,External Peripherals
C100730,External Peripherals
C100820,External Peripherals
C100910,External Peripherals
C10160,External Peripherals
C101810,External Peripherals
C102320,External Peripherals
C10250,External Peripherals
C10280,External Peripherals
C103160,External Peripherals
C104780,External Peripherals
C104960,External Peripherals
C105920,External Peripherals
C106430,External Peripherals
C106550,External Peripherals
C107990,External Peripherals
C108050,External Peripherals
C108170,External Peripherals
C108710,External Peripherals
C109220,External Peripherals
C109340,External Peripherals
C109610,External Peripherals
C109760,External Peripherals
C110510,External Peripherals
C110660,External Peripherals
C110690,External Peripherals
C111320,External Peripherals
C111830,External Peripherals
C11210,External Peripherals
C112760,External Peripherals
C112790,External Peripherals
C113780,External Peripherals
C114170,External Peripherals
C115640,External Peripherals
C116060,External Peripherals
C116600,External Peripherals
C117770,External Peripherals
C1190,External Peripherals
C11900,External Peripherals
C119240,External Peripherals
C119390,External Peripherals
C119480,External Peripherals
C119780,External Peripherals
C120560,External Peripherals
C120710,External Peripherals
C121400,External Peripherals
C121970,External Peripherals
C123080,External Peripherals
C123470,External Peripherals
C13820,External Peripherals
C13880,External Peripherals
C14510,External Peripherals
C14870,External Peripherals
C16130,External Peripherals
C16850,External Peripherals
C17840,External Peripherals
C19820,External Peripherals
C19850,External Peripherals
C20030,External Peripherals
C21050,External Peripherals
C21560,External Peripherals
C21770,External Peripherals
C22430,External Peripherals
C22520,External Peripherals
C23000,External Peripherals
C26270,External Peripherals
C26810,External Peripherals
C27110,External Peripherals
C27520,External Peripherals
C27560,External Peripherals
C2900,External Peripherals
C29270,External Peripherals
C30020,External Peripherals
C30320,External Peripherals
C3050,External Peripherals
C31070,External Peripherals
C31430,External Peripherals
C31610,External Peripherals
C32030,External Peripherals
C33500,External Peripherals
C35420,External Peripherals
C35480,External Peripherals
C35540,External Peripherals
C35690,External Peripherals
C35840,External Peripherals
C36590,External Peripherals
C36890,External Peripherals
C37700,External Peripherals
C37880,External Peripherals
C38390,External Peripherals
C38450,External Peripherals
C38840,External Peripherals
C38870,External Peripherals
C39230,External Peripherals
C39830,External Peripherals
C41240,External Peripherals
C41450,External Peripherals
C4190,External Peripherals
C41960,External Peripherals
C42110,External Peripherals
C42170,External Peripherals
C42560,External Peripherals
C42680,External Peripherals
C43250,External Peripherals
C43340,External Peripherals
C43970,External Peripherals
C44840,External Peripherals
C46460,External Peripherals
C4670,External Peripherals
C46940,External Peripherals
C47060,External Peripherals
C47270,External Peripherals
C47630,External Peripherals
C48290,External Peripherals
C48350,External Peripherals
C49010,External Peripherals
C49730,External Peripherals
C51530,External Peripherals
C52520,External Peripherals
C5270,External Peripherals
C53000,External Peripherals
C53030,External Peripherals
C5330,External Peripherals
C53540,External Peripherals
C54710,External Peripherals
C55010,External Peripherals
C55520,External Peripherals
C56000,External Peripherals
C56060,External Peripherals
C56420,External Peripherals
C58370,External Peripherals
C60380,External Peripherals
C60500,External Peripherals
C60560,External Peripherals
C61880,External Peripherals
C62390,External Peripherals
C62510,External Peripherals
C63470,External Peripherals
C63830,External Peripherals
C64490,External Peripherals
C65180,External Peripherals
C65360,External Peripherals
C65840,External Peripherals
C66200,External Peripherals
C66380,External Peripherals
C69230,External Peripherals
C69410,External Peripherals
C70970,External Peripherals
C72950,External Peripherals
C73250,External Peripherals
C73370,External Peripherals
C74930,External Peripherals
C75230,External Peripherals
C76520,External Peripherals
C76970,External Peripherals
C77030,External Peripherals
C79310,External Peripherals
C79820,External Peripherals
C8090,External Peripherals
C85070,External Peripherals
C85130,External Peripherals
C85790,External Peripherals
C86630,External Peripherals
C86960,External Peripherals
C8870,External Peripherals
C89630,External Peripherals
C89870,External Peripherals
C90560,External Peripherals
C91820,External Peripherals
C91880,External Peripherals
C95480,External Peripherals
C95510,External Peripherals
C9560,External Peripherals
C95690,External Peripherals
C9590,External Peripherals
C96200,External Peripherals
C96230,External Peripherals
C97100,External Peripherals
C97250,External Peripherals
C97640,External Peripherals
C97970,External Peripherals
C98480,External Peripherals
