C10073,Monitor
C10091,Monitor
C10103,Monitor
C1013,Monitor
C1016,Monitor
C10181,Monitor
C10184,Monitor
C10226,Monitor
C10232,Monitor
C10295,Monitor
C10316,Monitor
C10337,Monitor
C10583,Monitor
C10592,Monitor
C10649,Monitor
C10694,Monitor
C10799,Monitor
C10817,Monitor
C10961,Monitor
C10976,Monitor
C11051,Monitor
C11069,Monitor
C1121,Monitor
C11240,Monitor
C1127,Monitor
C11276,Monitor
C11279,Monitor
C11378,Monitor
C11417,Monitor
C11471,Monitor
C11564,Monitor
C11633,Monitor
C11648,Monitor
C11660,Monitor
C1169,Monitor
C11816,Monitor
C119,Monitor
C12002,Monitor
C12056,Monitor
C12071,Monitor
C12140,Monitor
C12149,Monitor
C12197,Monitor
C1313,Monitor
C1451,Monitor
C1487,Monitor
C1586,Monitor
C1697,Monitor
C1784,Monitor
C1844,Monitor
C1982,Monitor
C2003,Monitor
C2105,Monitor
C2177,Monitor
C2252,Monitor
C2294,Monitor
C2300,Monitor
C2486,Monitor
C2543,Monitor
C2752,Monitor
C2756,Monitor
C290,Monitor
C2927,Monitor
C305,Monitor
C3059,Monitor
C3107,Monitor
C3143,Monitor
C3350,Monitor
C3542,Monitor
C3584,Monitor
C3659,Monitor
C3689,Monitor
C3701,Monitor
C3770,Monitor
C3788,Monitor
C3839,Monitor
C3884,Monitor
C3983,Monitor
C4124,Monitor
C4211,Monitor
C4268,Monitor
C4304,Monitor
C4361,Monitor
C4397,Monitor
C4580,Monitor
C4619,Monitor
C467,Monitor
C4682,Monitor
C4694,Monitor
C4706,Monitor
C4727,Monitor
C4763,Monitor
C4772,Monitor
C4823,Monitor
C4829,Monitor
C4835,Monitor
C4901,Monitor
C4970,Monitor
C4973,Monitor
C5075,Monitor
C5153,Monitor
C5252,Monitor
C527,Monitor
C5300,Monitor
C5303,Monitor
C5354,Monitor
C5366,Monitor
C5429,Monitor
C5501,Monitor
C5606,Monitor
C5783,Monitor
C5834,Monitor
C5837,Monitor
C5870,Monitor
C5888,Monitor
C5996,Monitor
C6050,Monitor
C6056,Monitor
C6182,Monitor
C6221,Monitor
C6224,Monitor
C6239,Monitor
C6347,Monitor
C6383,Monitor
C6536,Monitor
C6593,Monitor
C6623,Monitor
C6887,Monitor
C6923,Monitor
C7097,Monitor
C7289,Monitor
C7325,Monitor
C7337,Monitor
C7418,Monitor
C7493,Monitor
C7523,Monitor
C7550,Monitor
C7646,Monitor
C7661,Monitor
C7700,Monitor
C7703,Monitor
C7859,Monitor
C7931,Monitor
C7982,Monitor
C7995,Monitor
C809,Monitor
C8633,Monitor
C8750,Monitor
C8765,Monitor
C887,Monitor
C9233,Monitor
C9263,Monitor
C9551,Monitor
C956,Monitor
C959,Monitor
C9623,Monitor
C9686,Monitor
C9764,Monitor
C9797,Monitor
C9926,Monitor
C100731,Monitor
C100911,Monitor
C101031,Monitor
C10131,Monitor
C10161,Monitor
C101811,Monitor
C101841,Monitor
C102261,Monitor
C102321,Monitor
C102951,Monitor
C103161,Monitor
C103371,Monitor
C105831,Monitor
C105921,Monitor
C106491,Monitor
C106941,Monitor
C107991,Monitor
C108171,Monitor
C109611,Monitor
C109761,Monitor
C110511,Monitor
C110691,Monitor
C11211,Monitor
C112401,Monitor
C11271,Monitor
C112761,Monitor
C112791,Monitor
C113781,Monitor
C114171,Monitor
C114711,Monitor
C115641,Monitor
C116331,Monitor
C116481,Monitor
C116601,Monitor
C11691,Monitor
C118161,Monitor
C1191,Monitor
C120021,Monitor
C120561,Monitor
C120711,Monitor
C121401,Monitor
C121491,Monitor
C121971,Monitor
C13131,Monitor
C14511,Monitor
C14871,Monitor
C15861,Monitor
C16971,Monitor
C17841,Monitor
C18441,Monitor
C19821,Monitor
C20031,Monitor
C21051,Monitor
C21771,Monitor
C22521,Monitor
C22941,Monitor
C23001,Monitor
C24861,Monitor
C25431,Monitor
C27521,Monitor
C27561,Monitor
C2901,Monitor
C29271,Monitor
C3051,Monitor
C30591,Monitor
C31071,Monitor
C31431,Monitor
C33501,Monitor
C35421,Monitor
C35841,Monitor
C36591,Monitor
C36891,Monitor
C37011,Monitor
C37701,Monitor
C37881,Monitor
C38391,Monitor
C38841,Monitor
C39831,Monitor
C41241,Monitor
C42111,Monitor
C42681,Monitor
C43041,Monitor
C43611,Monitor
C43971,Monitor
C45801,Monitor
C46191,Monitor
C4671,Monitor
C46821,Monitor
C46941,Monitor
C47061,Monitor
C47271,Monitor
C47631,Monitor
C47721,Monitor
C48231,Monitor
C48291,Monitor
C48351,Monitor
C49011,Monitor
C49701,Monitor
C49731,Monitor
C50751,Monitor
C51531,Monitor
C52521,Monitor
C5271,Monitor
C53001,Monitor
C53031,Monitor
C53541,Monitor
C53661,Monitor
C54291,Monitor
C55011,Monitor
C56061,Monitor
C57831,Monitor
C58341,Monitor
C58371,Monitor
C58701,Monitor
C58881,Monitor
C59961,Monitor
C60501,Monitor
C60561,Monitor
C61821,Monitor
C62211,Monitor
C62241,Monitor
C62391,Monitor
C63471,Monitor
C63831,Monitor
C65361,Monitor
C65931,Monitor
C66231,Monitor
C68871,Monitor
C69231,Monitor
C70971,Monitor
C72891,Monitor
C73251,Monitor
C73371,Monitor
C74181,Monitor
C74931,Monitor
C75231,Monitor
C75501,Monitor
C76461,Monitor
C76611,Monitor
C77001,Monitor
C77031,Monitor
C78591,Monitor
C79311,Monitor
C79821,Monitor
C79951,Monitor
C8091,Monitor
C86331,Monitor
C87501,Monitor
C87651,Monitor
C8871,Monitor
C92331,Monitor
C92631,Monitor
C95511,Monitor
C9561,Monitor
C9591,Monitor
C96231,Monitor
C96861,Monitor
C97641,Monitor
C97971,Monitor
C99261,Monitor
C100732,Monitor
C100912,Monitor
C101032,Monitor
C10132,Monitor
C10162,Monitor
C101812,Monitor
C101842,Monitor
C102262,Monitor
C102322,Monitor
C102952,Monitor
C103162,Monitor
C103372,Monitor
C105832,Monitor
C105922,Monitor
C106492,Monitor
C106942,Monitor
C107992,Monitor
C108172,Monitor
C109612,Monitor
C109762,Monitor
C110512,Monitor
C110692,Monitor
C11212,Monitor
C112402,Monitor
C11272,Monitor
C112762,Monitor
C112792,Monitor
C113782,Monitor
C114172,Monitor
C114712,Monitor
C115642,Monitor
C116332,Monitor
C116482,Monitor
C116602,Monitor
C11692,Monitor
C118162,Monitor
C1192,Monitor
C120022,Monitor
C120562,Monitor
C120712,Monitor
C121402,Monitor
C121492,Monitor
C121972,Monitor
C13132,Monitor
C14512,Monitor
C14872,Monitor
C15862,Monitor
C16972,Monitor
C17842,Monitor
C18442,Monitor
C19822,Monitor
C20032,Monitor
C21052,Monitor
C21772,Monitor
C22522,Monitor
C22942,Monitor
C23002,Monitor
C24862,Monitor
C25432,Monitor
C27522,Monitor
C27562,Monitor
C2902,Monitor
C29272,Monitor
C3052,Monitor
C30592,Monitor
C31072,Monitor
C31432,Monitor
C33502,Monitor
C35422,Monitor
C35842,Monitor
C36592,Monitor
C36892,Monitor
C37012,Monitor
C37702,Monitor
C37882,Monitor
C38392,Monitor
C38842,Monitor
C39832,Monitor
C41242,Monitor
C42112,Monitor
C42682,Monitor
C43042,Monitor
C43612,Monitor
C43972,Monitor
C45802,Monitor
C46192,Monitor
C4672,Monitor
C46822,Monitor
C46942,Monitor
C47062,Monitor
C47272,Monitor
C47632,Monitor
C47722,Monitor
C48232,Monitor
C48292,Monitor
C48352,Monitor
C49012,Monitor
C49702,Monitor
C49732,Monitor
C50752,Monitor
C51532,Monitor
C52522,Monitor
C5272,Monitor
C53002,Monitor
C53032,Monitor
C53542,Monitor
C53662,Monitor
C54292,Monitor
C55012,Monitor
C56062,Monitor
C57832,Monitor
C58342,Monitor
C58372,Monitor
C58702,Monitor
C58882,Monitor
C59962,Monitor
C60502,Monitor
C60562,Monitor
C61822,Monitor
C62212,Monitor
C62242,Monitor
C62392,Monitor
C63472,Monitor
C63832,Monitor
C65362,Monitor
C65932,Monitor
C66232,Monitor
C68872,Monitor
C69232,Monitor
C70972,Monitor
C72892,Monitor
C73252,Monitor
C73372,Monitor
C74182,Monitor
C74932,Monitor
C75232,Monitor
C75502,Monitor
C76462,Monitor
C76612,Monitor
C77002,Monitor
C77032,Monitor
C78592,Monitor
C79312,Monitor
C79822,Monitor
C79952,Monitor
C8092,Monitor
C86332,Monitor
C87502,Monitor
C87652,Monitor
C8872,Monitor
C92332,Monitor
C92632,Monitor
C95512,Monitor
C9562,Monitor
C9592,Monitor
C96232,Monitor
C96862,Monitor
C97642,Monitor
C97972,Monitor
C99262,Monitor
C100733,Monitor
C100913,Monitor
C101033,Monitor
C10133,Monitor
C10163,Monitor
C101813,Monitor
C101843,Monitor
C102263,Monitor
C102323,Monitor
C102953,Monitor
C103163,Monitor
C103373,Monitor
C105833,Monitor
C105923,Monitor
C106493,Monitor
C106943,Monitor
C107993,Monitor
C108173,Monitor
C109613,Monitor
C109763,Monitor
C110513,Monitor
C110693,Monitor
C11213,Monitor
C112403,Monitor
C11273,Monitor
C112763,Monitor
C112793,Monitor
C113783,Monitor
C114173,Monitor
C114713,Monitor
C115643,Monitor
C116333,Monitor
C116483,Monitor
C116603,Monitor
C11693,Monitor
C118163,Monitor
C1193,Monitor
C120023,Monitor
C120563,Monitor
C120713,Monitor
C121403,Monitor
C121493,Monitor
C121973,Monitor
C13133,Monitor
C14513,Monitor
C14873,Monitor
C15863,Monitor
C16973,Monitor
C17843,Monitor
C18443,Monitor
C19823,Monitor
C20033,Monitor
C21053,Monitor
C21773,Monitor
C22523,Monitor
C22943,Monitor
C23003,Monitor
C24863,Monitor
C25433,Monitor
C27523,Monitor
C27563,Monitor
C2903,Monitor
C29273,Monitor
C3053,Monitor
C30593,Monitor
C31073,Monitor
C31433,Monitor
C33503,Monitor
C35423,Monitor
C35843,Monitor
C36593,Monitor
C36893,Monitor
C37013,Monitor
C37703,Monitor
C37883,Monitor
C38393,Monitor
C38843,Monitor
C39833,Monitor
C41243,Monitor
C42113,Monitor
C42683,Monitor
C43043,Monitor
C43613,Monitor
C43973,Monitor
C45803,Monitor
C46193,Monitor
C4673,Monitor
C46823,Monitor
C46943,Monitor
C47063,Monitor
C47273,Monitor
C47633,Monitor
C47723,Monitor
C48233,Monitor
C48293,Monitor
C48353,Monitor
C49013,Monitor
C49703,Monitor
C49733,Monitor
C50753,Monitor
C51533,Monitor
C52523,Monitor
C5273,Monitor
C53003,Monitor
C53033,Monitor
C53543,Monitor
C53663,Monitor
C54293,Monitor
C55013,Monitor
C56063,Monitor
C57833,Monitor
C58343,Monitor
C58373,Monitor
C58703,Monitor
C58883,Monitor
C59963,Monitor
C60503,Monitor
C60563,Monitor
C61823,Monitor
C62213,Monitor
C62243,Monitor
C62393,Monitor
C63473,Monitor
C63833,Monitor
C65363,Monitor
C65933,Monitor
C66233,Monitor
C68873,Monitor
C69233,Monitor
C70973,Monitor
C72893,Monitor
C73253,Monitor
C73373,Monitor
C74183,Monitor
C74933,Monitor
C75233,Monitor
C75503,Monitor
C76463,Monitor
C76613,Monitor
C77003,Monitor
C77033,Monitor
C78593,Monitor
C79313,Monitor
C79823,Monitor
C79953,Monitor
C8093,Monitor
C86333,Monitor
C87503,Monitor
C87653,Monitor
C8873,Monitor
C92333,Monitor
C92633,Monitor
C95513,Monitor
C9563,Monitor
C9593,Monitor
C96233,Monitor
C96863,Monitor
C97643,Monitor
C97973,Monitor
C99263,Monitor
C100734,Monitor
C100914,Monitor
C101034,Monitor
C10134,Monitor
C10164,Monitor
C101814,Monitor
C101844,Monitor
C102264,Monitor
C102324,Monitor
C102954,Monitor
C103164,Monitor
C103374,Monitor
C105834,Monitor
C105924,Monitor
C106494,Monitor
C106944,Monitor
C107994,Monitor
C108174,Monitor
C109614,Monitor
C109764,Monitor
C110514,Monitor
C110694,Monitor
C11214,Monitor
C112404,Monitor
C11274,Monitor
C112764,Monitor
C112794,Monitor
C113784,Monitor
C114174,Monitor
C114714,Monitor
C115644,Monitor
C116334,Monitor
C116484,Monitor
C116604,Monitor
C11694,Monitor
C118164,Monitor
C1194,Monitor
C120024,Monitor
C120564,Monitor
C120714,Monitor
C121404,Monitor
C121494,Monitor
C121974,Monitor
C13134,Monitor
C14514,Monitor
C14874,Monitor
C15864,Monitor
C16974,Monitor
C17844,Monitor
C18444,Monitor
C19824,Monitor
C20034,Monitor
C21054,Monitor
C21774,Monitor
C22524,Monitor
C22944,Monitor
C23004,Monitor
C24864,Monitor
C25434,Monitor
C27524,Monitor
C27564,Monitor
C2904,Monitor
C29274,Monitor
C3054,Monitor
C30594,Monitor
C31074,Monitor
C31434,Monitor
C33504,Monitor
C35424,Monitor
C35844,Monitor
C36594,Monitor
C36894,Monitor
C37014,Monitor
C37704,Monitor
C37884,Monitor
C38394,Monitor
C38844,Monitor
C39834,Monitor
C41244,Monitor
C42114,Monitor
C42684,Monitor
C43044,Monitor
C43614,Monitor
C43974,Monitor
C45804,Monitor
C46194,Monitor
C4674,Monitor
C46824,Monitor
C46944,Monitor
C47064,Monitor
C47274,Monitor
C47634,Monitor
C47724,Monitor
C48234,Monitor
C48294,Monitor
C48354,Monitor
C49014,Monitor
C49704,Monitor
C49734,Monitor
C50754,Monitor
C51534,Monitor
C52524,Monitor
C5274,Monitor
C53004,Monitor
C53034,Monitor
C53544,Monitor
C53664,Monitor
C54294,Monitor
C55014,Monitor
C56064,Monitor
C57834,Monitor
C58344,Monitor
C58374,Monitor
C58704,Monitor
C58884,Monitor
C59964,Monitor
C60504,Monitor
C60564,Monitor
C61824,Monitor
C62214,Monitor
C62244,Monitor
C62394,Monitor
C63474,Monitor
C63834,Monitor
C65364,Monitor
C65934,Monitor
C66234,Monitor
C68874,Monitor
C69234,Monitor
C70974,Monitor
C72894,Monitor
C73254,Monitor
C73374,Monitor
C74184,Monitor
C74934,Monitor
C75234,Monitor
C75504,Monitor
C76464,Monitor
C76614,Monitor
C77004,Monitor
C77034,Monitor
C78594,Monitor
C79314,Monitor
C79824,Monitor
C79954,Monitor
C8094,Monitor
C86334,Monitor
C87504,Monitor
C87654,Monitor
C8874,Monitor
C92334,Monitor
C92634,Monitor
C95514,Monitor
C9564,Monitor
C9594,Monitor
C96234,Monitor
C96864,Monitor
C97644,Monitor
C97974,Monitor
C99264,Monitor
C100735,Monitor
C100915,Monitor
C101035,Monitor
C10135,Monitor
C10165,Monitor
C101815,Monitor
C101845,Monitor
C102265,Monitor
C102325,Monitor
C102955,Monitor
C103165,Monitor
C103375,Monitor
C105835,Monitor
C105925,Monitor
C106495,Monitor
C106945,Monitor
C107995,Monitor
C108175,Monitor
C109615,Monitor
C109765,Monitor
C110515,Monitor
C110695,Monitor
C11215,Monitor
C112405,Monitor
C11275,Monitor
C112765,Monitor
C112795,Monitor
C113785,Monitor
C114175,Monitor
C114715,Monitor
C115645,Monitor
C116335,Monitor
C116485,Monitor
C116605,Monitor
C11695,Monitor
C118165,Monitor
C1195,Monitor
C120025,Monitor
C120565,Monitor
C120715,Monitor
C121405,Monitor
C121495,Monitor
C121975,Monitor
C13135,Monitor
C14515,Monitor
C14875,Monitor
C15865,Monitor
C16975,Monitor
C17845,Monitor
C18445,Monitor
C19825,Monitor
C20035,Monitor
C21055,Monitor
C21775,Monitor
C22525,Monitor
C22945,Monitor
C23005,Monitor
C24865,Monitor
C25435,Monitor
C27525,Monitor
C27565,Monitor
C2905,Monitor
C29275,Monitor
C3055,Monitor
C30595,Monitor
C31075,Monitor
C31435,Monitor
C33505,Monitor
C35425,Monitor
C35845,Monitor
C36595,Monitor
C36895,Monitor
C37015,Monitor
C37705,Monitor
C37885,Monitor
C38395,Monitor
C38845,Monitor
C39835,Monitor
C41245,Monitor
C42115,Monitor
C42685,Monitor
C43045,Monitor
C43615,Monitor
C43975,Monitor
C45805,Monitor
C46195,Monitor
C4675,Monitor
C46825,Monitor
C46945,Monitor
C47065,Monitor
C47275,Monitor
C47635,Monitor
C47725,Monitor
C48235,Monitor
C48295,Monitor
C48355,Monitor
C49015,Monitor
C49705,Monitor
C49735,Monitor
C50755,Monitor
C51535,Monitor
C52525,Monitor
C5275,Monitor
C53005,Monitor
C53035,Monitor
C53545,Monitor
C53665,Monitor
C54295,Monitor
C55015,Monitor
C56065,Monitor
C57835,Monitor
C58345,Monitor
C58375,Monitor
C58705,Monitor
C58885,Monitor
C59965,Monitor
C60505,Monitor
C60565,Monitor
C61825,Monitor
C62215,Monitor
C62245,Monitor
C62395,Monitor
C63475,Monitor
C63835,Monitor
C65365,Monitor
C65935,Monitor
C66235,Monitor
C68875,Monitor
C69235,Monitor
C70975,Monitor
C72895,Monitor
C73255,Monitor
C73375,Monitor
C74185,Monitor
C74935,Monitor
C75235,Monitor
C75505,Monitor
C76465,Monitor
C76615,Monitor
C77005,Monitor
C77035,Monitor
C78595,Monitor
C79315,Monitor
C79825,Monitor
C79955,Monitor
C8095,Monitor
C86335,Monitor
C87505,Monitor
C87655,Monitor
C8875,Monitor
C92335,Monitor
C92635,Monitor
C95515,Monitor
C9565,Monitor
C9595,Monitor
C96235,Monitor
C96865,Monitor
C97645,Monitor
C97975,Monitor
C99265,Monitor
C100736,Monitor
C100916,Monitor
C101036,Monitor
C10136,Monitor
C10166,Monitor
C101816,Monitor
C101846,Monitor
C102266,Monitor
C102326,Monitor
C102956,Monitor
C103166,Monitor
C103376,Monitor
C105836,Monitor
C105926,Monitor
C106496,Monitor
C106946,Monitor
C107996,Monitor
C108176,Monitor
C109616,Monitor
C109766,Monitor
C110516,Monitor
C110696,Monitor
C11216,Monitor
C112406,Monitor
C11276,Monitor
C112766,Monitor
C112796,Monitor
C113786,Monitor
C114176,Monitor
C114716,Monitor
C115646,Monitor
C116336,Monitor
C116486,Monitor
C116606,Monitor
C11696,Monitor
C118166,Monitor
C1196,Monitor
C120026,Monitor
C120566,Monitor
C120716,Monitor
C121406,Monitor
C121496,Monitor
C121976,Monitor
C13136,Monitor
C14516,Monitor
C14876,Monitor
C15866,Monitor
C16976,Monitor
C17846,Monitor
C18446,Monitor
C19826,Monitor
C20036,Monitor
C21056,Monitor
C21776,Monitor
C22526,Monitor
C22946,Monitor
C23006,Monitor
C24866,Monitor
C25436,Monitor
C27526,Monitor
C27566,Monitor
C2906,Monitor
C29276,Monitor
C3056,Monitor
C30596,Monitor
C31076,Monitor
C31436,Monitor
C33506,Monitor
C35426,Monitor
C35846,Monitor
C36596,Monitor
C36896,Monitor
C37016,Monitor
C37706,Monitor
C37886,Monitor
C38396,Monitor
C38846,Monitor
C39836,Monitor
C41246,Monitor
C42116,Monitor
C42686,Monitor
C43046,Monitor
C43616,Monitor
C43976,Monitor
C45806,Monitor
C46196,Monitor
C4676,Monitor
C46826,Monitor
C46946,Monitor
C47066,Monitor
C47276,Monitor
C47636,Monitor
C47726,Monitor
C48236,Monitor
C48296,Monitor
C48356,Monitor
C49016,Monitor
C49706,Monitor
C49736,Monitor
C50756,Monitor
C51536,Monitor
C52526,Monitor
C5276,Monitor
C53006,Monitor
C53036,Monitor
C53546,Monitor
C53666,Monitor
C54296,Monitor
C55016,Monitor
C56066,Monitor
C57836,Monitor
C58346,Monitor
C58376,Monitor
C58706,Monitor
C58886,Monitor
C59966,Monitor
C60506,Monitor
C60566,Monitor
C61826,Monitor
C62216,Monitor
C62246,Monitor
C62396,Monitor
C63476,Monitor
C63836,Monitor
C65366,Monitor
C65936,Monitor
C66236,Monitor
C68876,Monitor
C69236,Monitor
C70976,Monitor
C72896,Monitor
C73256,Monitor
C73376,Monitor
C74186,Monitor
C74936,Monitor
C75236,Monitor
C75506,Monitor
C76466,Monitor
C76616,Monitor
C77006,Monitor
C77036,Monitor
C78596,Monitor
C79316,Monitor
C79826,Monitor
C79956,Monitor
C8096,Monitor
C86336,Monitor
C87506,Monitor
C87656,Monitor
C8876,Monitor
C92336,Monitor
C92636,Monitor
C95516,Monitor
C9566,Monitor
C9596,Monitor
C96236,Monitor
C96866,Monitor
C97646,Monitor
C97976,Monitor
C99266,Monitor
C100737,Monitor
C100917,Monitor
C101037,Monitor
C10137,Monitor
C10167,Monitor
C101817,Monitor
C101847,Monitor
C102267,Monitor
C102327,Monitor
C102957,Monitor
C103167,Monitor
C103377,Monitor
C105837,Monitor
C105927,Monitor
C106497,Monitor
C106947,Monitor
C107997,Monitor
C108177,Monitor
C109617,Monitor
C109767,Monitor
C110517,Monitor
C110697,Monitor
C11217,Monitor
C112407,Monitor
C11277,Monitor
C112767,Monitor
C112797,Monitor
C113787,Monitor
C114177,Monitor
C114717,Monitor
C115647,Monitor
C116337,Monitor
C116487,Monitor
C116607,Monitor
C11697,Monitor
C118167,Monitor
C1197,Monitor
C120027,Monitor
C120567,Monitor
C120717,Monitor
C121407,Monitor
C121497,Monitor
C121977,Monitor
C13137,Monitor
C14517,Monitor
C14877,Monitor
C15867,Monitor
C16977,Monitor
C17847,Monitor
C18447,Monitor
C19827,Monitor
C20037,Monitor
C21057,Monitor
C21777,Monitor
C22527,Monitor
C22947,Monitor
C23007,Monitor
C24867,Monitor
C25437,Monitor
C27527,Monitor
C27567,Monitor
C2907,Monitor
C29277,Monitor
C3057,Monitor
C30597,Monitor
C31077,Monitor
C31437,Monitor
C33507,Monitor
C35427,Monitor
C35847,Monitor
C36597,Monitor
C36897,Monitor
C37017,Monitor
C37707,Monitor
C37887,Monitor
C38397,Monitor
C38847,Monitor
C39837,Monitor
C41247,Monitor
C42117,Monitor
C42687,Monitor
C43047,Monitor
C43617,Monitor
C43977,Monitor
C45807,Monitor
C46197,Monitor
C4677,Monitor
C46827,Monitor
C46947,Monitor
C47067,Monitor
C47277,Monitor
C47637,Monitor
C47727,Monitor
C48237,Monitor
C48297,Monitor
C48357,Monitor
C49017,Monitor
C49707,Monitor
C49737,Monitor
C50757,Monitor
C51537,Monitor
C52527,Monitor
C5277,Monitor
C53007,Monitor
C53037,Monitor
C53547,Monitor
C53667,Monitor
C54297,Monitor
C55017,Monitor
C56067,Monitor
C57837,Monitor
C58347,Monitor
C58377,Monitor
C58707,Monitor
C58887,Monitor
C59967,Monitor
C60507,Monitor
C60567,Monitor
C61827,Monitor
C62217,Monitor
C62247,Monitor
C62397,Monitor
C63477,Monitor
C63837,Monitor
C65367,Monitor
C65937,Monitor
C66237,Monitor
C68877,Monitor
C69237,Monitor
C70977,Monitor
C72897,Monitor
C73257,Monitor
C73377,Monitor
C74187,Monitor
C74937,Monitor
C75237,Monitor
C75507,Monitor
C76467,Monitor
C76617,Monitor
C77007,Monitor
C77037,Monitor
C78597,Monitor
C79317,Monitor
C79827,Monitor
C79957,Monitor
C8097,Monitor
C86337,Monitor
C87507,Monitor
C87657,Monitor
C8877,Monitor
C92337,Monitor
C92637,Monitor
C95517,Monitor
C9567,Monitor
C9597,Monitor
C96237,Monitor
C96867,Monitor
C97647,Monitor
C97977,Monitor
C99267,Monitor
C100738,Monitor
C100918,Monitor
C101038,Monitor
C10138,Monitor
C10168,Monitor
C101818,Monitor
C101848,Monitor
C102268,Monitor
C102328,Monitor
C102958,Monitor
C103168,Monitor
C103378,Monitor
C105838,Monitor
C105928,Monitor
C106498,Monitor
C106948,Monitor
C107998,Monitor
C108178,Monitor
C109618,Monitor
C109768,Monitor
C110518,Monitor
C110698,Monitor
C11218,Monitor
C112408,Monitor
C11278,Monitor
C112768,Monitor
C112798,Monitor
C113788,Monitor
C114178,Monitor
C114718,Monitor
C115648,Monitor
C116338,Monitor
C116488,Monitor
C116608,Monitor
C11698,Monitor
C118168,Monitor
C1198,Monitor
C120028,Monitor
C120568,Monitor
C120718,Monitor
C121408,Monitor
C121498,Monitor
C121978,Monitor
C13138,Monitor
C14518,Monitor
C14878,Monitor
C15868,Monitor
C16978,Monitor
C17848,Monitor
C18448,Monitor
C19828,Monitor
C20038,Monitor
C21058,Monitor
C21778,Monitor
C22528,Monitor
C22948,Monitor
C23008,Monitor
C24868,Monitor
C25438,Monitor
C27528,Monitor
C27568,Monitor
C2908,Monitor
C29278,Monitor
C3058,Monitor
C30598,Monitor
C31078,Monitor
C31438,Monitor
C33508,Monitor
C35428,Monitor
C35848,Monitor
C36598,Monitor
C36898,Monitor
C37018,Monitor
C37708,Monitor
C37888,Monitor
C38398,Monitor
C38848,Monitor
C39838,Monitor
C41248,Monitor
C42118,Monitor
C42688,Monitor
C43048,Monitor
C43618,Monitor
C43978,Monitor
C45808,Monitor
C46198,Monitor
C4678,Monitor
C46828,Monitor
C46948,Monitor
C47068,Monitor
C47278,Monitor
C47638,Monitor
C47728,Monitor
C48238,Monitor
C48298,Monitor
C48358,Monitor
C49018,Monitor
C49708,Monitor
C49738,Monitor
C50758,Monitor
C51538,Monitor
C52528,Monitor
C5278,Monitor
C53008,Monitor
C53038,Monitor
C53548,Monitor
C53668,Monitor
C54298,Monitor
C55018,Monitor
C56068,Monitor
C57838,Monitor
C58348,Monitor
C58378,Monitor
C58708,Monitor
C58888,Monitor
C59968,Monitor
C60508,Monitor
C60568,Monitor
C61828,Monitor
C62218,Monitor
C62248,Monitor
C62398,Monitor
C63478,Monitor
C63838,Monitor
C65368,Monitor
C65938,Monitor
C66238,Monitor
C68878,Monitor
C69238,Monitor
C70978,Monitor
C72898,Monitor
C73258,Monitor
C73378,Monitor
C74188,Monitor
C74938,Monitor
C75238,Monitor
C75508,Monitor
C76468,Monitor
C76618,Monitor
C77008,Monitor
C77038,Monitor
C78598,Monitor
C79318,Monitor
C79828,Monitor
C79958,Monitor
C8098,Monitor
C86338,Monitor
C87508,Monitor
C87658,Monitor
C8878,Monitor
C92338,Monitor
C92638,Monitor
C95518,Monitor
C9568,Monitor
C9598,Monitor
C96238,Monitor
C96868,Monitor
C97648,Monitor
C97978,Monitor
C99268,Monitor
C100739,Monitor
C100919,Monitor
C101039,Monitor
C10139,Monitor
C10169,Monitor
C101819,Monitor
C101849,Monitor
C102269,Monitor
C102329,Monitor
C102959,Monitor
C103169,Monitor
C103379,Monitor
C105839,Monitor
C105929,Monitor
C106499,Monitor
C106949,Monitor
C107999,Monitor
C108179,Monitor
C109619,Monitor
C109769,Monitor
C110519,Monitor
C110699,Monitor
C11219,Monitor
C112409,Monitor
C11279,Monitor
C112769,Monitor
C112799,Monitor
C113789,Monitor
C114179,Monitor
C114719,Monitor
C115649,Monitor
C116339,Monitor
C116489,Monitor
C116609,Monitor
C11699,Monitor
C118169,Monitor
C1199,Monitor
C120029,Monitor
C120569,Monitor
C120719,Monitor
C121409,Monitor
C121499,Monitor
C121979,Monitor
C13139,Monitor
C14519,Monitor
C14879,Monitor
C15869,Monitor
C16979,Monitor
C17849,Monitor
C18449,Monitor
C19829,Monitor
C20039,Monitor
C21059,Monitor
C21779,Monitor
C22529,Monitor
C22949,Monitor
C23009,Monitor
C24869,Monitor
C25439,Monitor
C27529,Monitor
C27569,Monitor
C2909,Monitor
C29279,Monitor
C3059,Monitor
C30599,Monitor
C31079,Monitor
C31439,Monitor
C33509,Monitor
C35429,Monitor
C35849,Monitor
C36599,Monitor
C36899,Monitor
C37019,Monitor
C37709,Monitor
C37889,Monitor
C38399,Monitor
C38849,Monitor
C39839,Monitor
C41249,Monitor
C42119,Monitor
C42689,Monitor
C43049,Monitor
C43619,Monitor
C43979,Monitor
C45809,Monitor
C46199,Monitor
C4679,Monitor
C46829,Monitor
C46949,Monitor
C47069,Monitor
C47279,Monitor
C47639,Monitor
C47729,Monitor
C48239,Monitor
C48299,Monitor
C48359,Monitor
C49019,Monitor
C49709,Monitor
C49739,Monitor
C50759,Monitor
C51539,Monitor
C52529,Monitor
C5279,Monitor
C53009,Monitor
C53039,Monitor
C53549,Monitor
C53669,Monitor
C54299,Monitor
C55019,Monitor
C56069,Monitor
C57839,Monitor
C58349,Monitor
C58379,Monitor
C58709,Monitor
C58889,Monitor
C59969,Monitor
C60509,Monitor
C60569,Monitor
C61829,Monitor
C62219,Monitor
C62249,Monitor
C62399,Monitor
C63479,Monitor
C63839,Monitor
C65369,Monitor
C65939,Monitor
C66239,Monitor
C68879,Monitor
C69239,Monitor
C70979,Monitor
C72899,Monitor
C73259,Monitor
C73379,Monitor
C74189,Monitor
C74939,Monitor
C75239,Monitor
C75509,Monitor
C76469,Monitor
C76619,Monitor
C77009,Monitor
C77039,Monitor
C78599,Monitor
C79319,Monitor
C79829,Monitor
C79959,Monitor
C8099,Monitor
C86339,Monitor
C87509,Monitor
C87659,Monitor
C8879,Monitor
C92339,Monitor
C92639,Monitor
C95519,Monitor
C9569,Monitor
C9599,Monitor
C96239,Monitor
C96869,Monitor
C97649,Monitor
C97979,Monitor
C99269,Monitor
C100730,Monitor
C100910,Monitor
C101030,Monitor
C10130,Monitor
C10160,Monitor
C101810,Monitor
C101840,Monitor
C102260,Monitor
C102320,Monitor
C102950,Monitor
C103160,Monitor
C103370,Monitor
C105830,Monitor
C105920,Monitor
C106490,Monitor
C106940,Monitor
C107990,Monitor
C108170,Monitor
C109610,Monitor
C109760,Monitor
C110510,Monitor
C110690,Monitor
C11210,Monitor
C112400,Monitor
C11270,Monitor
C112760,Monitor
C112790,Monitor
C113780,Monitor
C114170,Monitor
C114710,Monitor
C115640,Monitor
C116330,Monitor
C116480,Monitor
C116600,Monitor
C11690,Monitor
C118160,Monitor
C1190,Monitor
C120020,Monitor
C120560,Monitor
C120710,Monitor
C121400,Monitor
C121490,Monitor
C121970,Monitor
C13130,Monitor
C14510,Monitor
C14870,Monitor
C15860,Monitor
C16970,Monitor
C17840,Monitor
C18440,Monitor
C19820,Monitor
C20030,Monitor
C21050,Monitor
C21770,Monitor
C22520,Monitor
C22940,Monitor
C23000,Monitor
C24860,Monitor
C25430,Monitor
C27520,Monitor
C27560,Monitor
C2900,Monitor
C29270,Monitor
C3050,Monitor
C30590,Monitor
C31070,Monitor
C31430,Monitor
C33500,Monitor
C35420,Monitor
C35840,Monitor
C36590,Monitor
C36890,Monitor
C37010,Monitor
C37700,Monitor
C37880,Monitor
C38390,Monitor
C38840,Monitor
C39830,Monitor
C41240,Monitor
C42110,Monitor
C42680,Monitor
C43040,Monitor
C43610,Monitor
C43970,Monitor
C45800,Monitor
C46190,Monitor
C4670,Monitor
C46820,Monitor
C46940,Monitor
C47060,Monitor
C47270,Monitor
C47630,Monitor
C47720,Monitor
C48230,Monitor
C48290,Monitor
C48350,Monitor
C49010,Monitor
C49700,Monitor
C49730,Monitor
C50750,Monitor
C51530,Monitor
C52520,Monitor
C5270,Monitor
C53000,Monitor
C53030,Monitor
C53540,Monitor
C53660,Monitor
C54290,Monitor
C55010,Monitor
C56060,Monitor
C57830,Monitor
C58340,Monitor
C58370,Monitor
C58700,Monitor
C58880,Monitor
C59960,Monitor
C60500,Monitor
C60560,Monitor
C61820,Monitor
C62210,Monitor
C62240,Monitor
C62390,Monitor
C63470,Monitor
C63830,Monitor
C65360,Monitor
C65930,Monitor
C66230,Monitor
C68870,Monitor
C69230,Monitor
C70970,Monitor
C72890,Monitor
C73250,Monitor
C73370,Monitor
C74180,Monitor
C74930,Monitor
C75230,Monitor
C75500,Monitor
C76460,Monitor
C76610,Monitor
C77000,Monitor
C77030,Monitor
C78590,Monitor
C79310,Monitor
C79820,Monitor
C79950,Monitor
C8090,Monitor
C86330,Monitor
C87500,Monitor
C87650,Monitor
C8870,Monitor
C92330,Monitor
C92630,Monitor
C95510,Monitor
C9560,Monitor
C9590,Monitor
C96230,Monitor
C96860,Monitor
C97640,Monitor
C97970,Monitor
C99260,Monitor
