C10091,Computers
C10184,Computers
C10226,Computers
C1025,Computers
C10250,Computers
C10259,Computers
C10397,Computers
C10478,Computers
C10496,Computers
C10577,Computers
C10592,Computers
C10649,Computers
C10673,Computers
C10694,Computers
C10706,Computers
C10751,Computers
C10760,Computers
C10769,Computers
C10889,Computers
C10955,Computers
C10967,Computers
C10976,Computers
C11036,Computers
C11042,Computers
C11066,Computers
C11132,Computers
C11141,Computers
C11240,Computers
C1127,Computers
C11276,Computers
C11279,Computers
C11378,Computers
C11417,Computers
C11453,Computers
C11471,Computers
C11564,Computers
C11633,Computers
C11750,Computers
C11777,Computers
C11816,Computers
C119,Computers
C11900,Computers
C12020,Computers
C12056,Computers
C12071,Computers
C12140,Computers
C12281,Computers
C12308,Computers
C12347,Computers
C1238,Computers
C1262,Computers
C1283,Computers
C1379,Computers
C1394,Computers
C1451,Computers
C1487,Computers
C1586,Computers
C170,Computers
C1784,Computers
C179,Computers
C1838,Computers
C1844,Computers
C1901,Computers
C1967,Computers
C2003,Computers
C2084,Computers
C2177,Computers
C2189,Computers
C2300,Computers
C2411,Computers
C2471,Computers
C2543,Computers
C2618,Computers
C2681,Computers
C2752,Computers
C2999,Computers
C3002,Computers
C3032,Computers
C3116,Computers
C3143,Computers
C3161,Computers
C3206,Computers
C3350,Computers
C3428,Computers
C3515,Computers
C3542,Computers
C3569,Computers
C3584,Computers
C3659,Computers
C3674,Computers
C3770,Computers
C3788,Computers
C3839,Computers
C3845,Computers
C3884,Computers
C398,Computers
C4124,Computers
C4268,Computers
C4283,Computers
C4304,Computers
C4325,Computers
C4334,Computers
C4397,Computers
C4454,Computers
C4466,Computers
C4478,Computers
C4484,Computers
C4643,Computers
C467,Computers
C4682,Computers
C4694,Computers
C4706,Computers
C4727,Computers
C4787,Computers
C482,Computers
C4829,Computers
C4835,Computers
C4901,Computers
C4973,Computers
C5153,Computers
C5252,Computers
C5300,Computers
C5303,Computers
C5354,Computers
C5453,Computers
C5501,Computers
C5552,Computers
C5606,Computers
C5642,Computers
C5681,Computers
C5783,Computers
C5834,Computers
C5837,Computers
C5888,Computers
C5909,Computers
C596,Computers
C5963,Computers
C6038,Computers
C6050,Computers
C6056,Computers
C6119,Computers
C6182,Computers
C6188,Computers
C6218,Computers
C6239,Computers
C6251,Computers
C6347,Computers
C6383,Computers
C6518,Computers
C6536,Computers
C6626,Computers
C6737,Computers
C6887,Computers
C6923,Computers
C7058,Computers
C7091,Computers
C7097,Computers
C7259,Computers
C7295,Computers
C7304,Computers
C731,Computers
C7337,Computers
C7418,Computers
C7430,Computers
C7454,Computers
C7457,Computers
C7493,Computers
C7523,Computers
C7661,Computers
C7703,Computers
C7859,Computers
C7931,Computers
C7982,Computers
C7991,Computers
C7995,Computers
C8063,Computers
C809,Computers
C8435,Computers
C8468,Computers
C8513,Computers
C8579,Computers
C8726,Computers
C8765,Computers
C887,Computers
C8987,Computers
C9233,Computers
C9290,Computers
C9548,Computers
C9551,Computers
C959,Computers
C9623,Computers
C9695,Computers
C9725,Computers
C9767,Computers
C9848,Computers
C9998,Computers
C100731,Computers
C100911,Computers
C101841,Computers
C102261,Computers
C10251,Computers
C102501,Computers
C102591,Computers
C103971,Computers
C104781,Computers
C104961,Computers
C105771,Computers
C105921,Computers
C106491,Computers
C106731,Computers
C106941,Computers
C107061,Computers
C107511,Computers
C107601,Computers
C107691,Computers
C108891,Computers
C109551,Computers
C109671,Computers
C109761,Computers
C110361,Computers
C110421,Computers
C110661,Computers
C111321,Computers
C111411,Computers
C112401,Computers
C11271,Computers
C112761,Computers
C112791,Computers
C113781,Computers
C114171,Computers
C114531,Computers
C114711,Computers
C115641,Computers
C116331,Computers
C117501,Computers
C117771,Computers
C118161,Computers
C1191,Computers
C119001,Computers
C120201,Computers
C120561,Computers
C120711,Computers
C121401,Computers
C122811,Computers
C123081,Computers
C123471,Computers
C12381,Computers
C12621,Computers
C12831,Computers
C13791,Computers
C13941,Computers
C14511,Computers
C14871,Computers
C15861,Computers
C1701,Computers
C17841,Computers
C1791,Computers
C18381,Computers
C18441,Computers
C19011,Computers
C19671,Computers
C20031,Computers
C20841,Computers
C21771,Computers
C21891,Computers
C23001,Computers
C24111,Computers
C24711,Computers
C25431,Computers
C26181,Computers
C26811,Computers
C27521,Computers
C29991,Computers
C30021,Computers
C30321,Computers
C31161,Computers
C31431,Computers
C31611,Computers
C32061,Computers
C33501,Computers
C34281,Computers
C35151,Computers
C35421,Computers
C35691,Computers
C35841,Computers
C36591,Computers
C36741,Computers
C37701,Computers
C37881,Computers
C38391,Computers
C38451,Computers
C38841,Computers
C3981,Computers
C41241,Computers
C42681,Computers
C42831,Computers
C43041,Computers
C43251,Computers
C43341,Computers
C43971,Computers
C44541,Computers
C44661,Computers
C44781,Computers
C44841,Computers
C46431,Computers
C4671,Computers
C46821,Computers
C46941,Computers
C47061,Computers
C47271,Computers
C47871,Computers
C4821,Computers
C48291,Computers
C48351,Computers
C49011,Computers
C49731,Computers
C51531,Computers
C52521,Computers
C53001,Computers
C53031,Computers
C53541,Computers
C54531,Computers
C55011,Computers
C55521,Computers
C56061,Computers
C56421,Computers
C56811,Computers
C57831,Computers
C58341,Computers
C58371,Computers
C58881,Computers
C59091,Computers
C5961,Computers
C59631,Computers
C60381,Computers
C60501,Computers
C60561,Computers
C61191,Computers
C61821,Computers
C61881,Computers
C62181,Computers
C62391,Computers
C62511,Computers
C63471,Computers
C63831,Computers
C65181,Computers
C65361,Computers
C66261,Computers
C67371,Computers
C68871,Computers
C69231,Computers
C70581,Computers
C70911,Computers
C70971,Computers
C72591,Computers
C72951,Computers
C73041,Computers
C7311,Computers
C73371,Computers
C74181,Computers
C74301,Computers
C74541,Computers
C74571,Computers
C74931,Computers
C75231,Computers
C76611,Computers
C77031,Computers
C78591,Computers
C79311,Computers
C79821,Computers
C79911,Computers
C79951,Computers
C80631,Computers
C8091,Computers
C84351,Computers
C84681,Computers
C85131,Computers
C85791,Computers
C87261,Computers
C87651,Computers
C8871,Computers
C89871,Computers
C92331,Computers
C92901,Computers
C95481,Computers
C95511,Computers
C9591,Computers
C96231,Computers
C96951,Computers
C97251,Computers
C97671,Computers
C98481,Computers
C99981,Computers
C100912,Computers
C101842,Computers
C102262,Computers
C10252,Computers
C102502,Computers
C102592,Computers
C103972,Computers
C104782,Computers
C104962,Computers
C105772,Computers
C105922,Computers
C106492,Computers
C106732,Computers
C106942,Computers
C107062,Computers
C107512,Computers
C107602,Computers
C107692,Computers
C108892,Computers
C109552,Computers
C109672,Computers
C109762,Computers
C110362,Computers
C110422,Computers
C110662,Computers
C111322,Computers
C111412,Computers
C112402,Computers
C11272,Computers
C112762,Computers
C112792,Computers
C113782,Computers
C114172,Computers
C114532,Computers
C114712,Computers
C115642,Computers
C116332,Computers
C117502,Computers
C117772,Computers
C118162,Computers
C1192,Computers
C119002,Computers
C120202,Computers
C120562,Computers
C120712,Computers
C121402,Computers
C122812,Computers
C123082,Computers
C123472,Computers
C12382,Computers
C12622,Computers
C12832,Computers
C13792,Computers
C13942,Computers
C14512,Computers
C14872,Computers
C15862,Computers
C1702,Computers
C17842,Computers
C1792,Computers
C18382,Computers
C18442,Computers
C19012,Computers
C19672,Computers
C20032,Computers
C20842,Computers
C21772,Computers
C21892,Computers
C23002,Computers
C24112,Computers
C24712,Computers
C25432,Computers
C26182,Computers
C26812,Computers
C27522,Computers
C29992,Computers
C30022,Computers
C30322,Computers
C31162,Computers
C31432,Computers
C31612,Computers
C32062,Computers
C33502,Computers
C34282,Computers
C35152,Computers
C35422,Computers
C35692,Computers
C35842,Computers
C36592,Computers
C36742,Computers
C37702,Computers
C37882,Computers
C38392,Computers
C38452,Computers
C38842,Computers
C3982,Computers
C41242,Computers
C42682,Computers
C42832,Computers
C43042,Computers
C43252,Computers
C43342,Computers
C43972,Computers
C44542,Computers
C44662,Computers
C44782,Computers
C44842,Computers
C46432,Computers
C4672,Computers
C46822,Computers
C46942,Computers
C47062,Computers
C47272,Computers
C47872,Computers
C4822,Computers
C48292,Computers
C48352,Computers
C49012,Computers
C49732,Computers
C51532,Computers
C52522,Computers
C53002,Computers
C53032,Computers
C53542,Computers
C54532,Computers
C55012,Computers
C55522,Computers
C56062,Computers
C56422,Computers
C56812,Computers
C57832,Computers
C58342,Computers
C58372,Computers
C58882,Computers
C59092,Computers
C5962,Computers
C59632,Computers
C60382,Computers
C60502,Computers
C60562,Computers
C61192,Computers
C61822,Computers
C61882,Computers
C62182,Computers
C62392,Computers
C62512,Computers
C63472,Computers
C63832,Computers
C65182,Computers
C65362,Computers
C66262,Computers
C67372,Computers
C68872,Computers
C69232,Computers
C70582,Computers
C70912,Computers
C70972,Computers
C72592,Computers
C72952,Computers
C73042,Computers
C7312,Computers
C73372,Computers
C74182,Computers
C74302,Computers
C74542,Computers
C74572,Computers
C74932,Computers
C75232,Computers
C76612,Computers
C77032,Computers
C78592,Computers
C79312,Computers
C79822,Computers
C79912,Computers
C79952,Computers
C80632,Computers
C8092,Computers
C84352,Computers
C84682,Computers
C85132,Computers
C85792,Computers
C87262,Computers
C87652,Computers
C8872,Computers
C89872,Computers
C92332,Computers
C92902,Computers
C95482,Computers
C95512,Computers
C9592,Computers
C96232,Computers
C96952,Computers
C97252,Computers
C97672,Computers
C98482,Computers
C99982,Computers
C100733,Computers
C100913,Computers
C101843,Computers
C102263,Computers
C10253,Computers
C102503,Computers
C102593,Computers
C103973,Computers
C104783,Computers
C104963,Computers
C105773,Computers
C105923,Computers
C106493,Computers
C106733,Computers
C106943,Computers
C107063,Computers
C107513,Computers
C107603,Computers
C107693,Computers
C108893,Computers
C109553,Computers
C109673,Computers
C109763,Computers
C110363,Computers
C110423,Computers
C110663,Computers
C111323,Computers
C111413,Computers
C112403,Computers
C11273,Computers
C112763,Computers
C112793,Computers
C113783,Computers
C114173,Computers
C114533,Computers
C114713,Computers
C115643,Computers
C116333,Computers
C117503,Computers
C117773,Computers
C118163,Computers
C1193,Computers
C119003,Computers
C120203,Computers
C120563,Computers
C120713,Computers
C121403,Computers
C122813,Computers
C123083,Computers
C123473,Computers
C12383,Computers
C12623,Computers
C12833,Computers
C13793,Computers
C13943,Computers
C14513,Computers
C14873,Computers
C15863,Computers
C1703,Computers
C17843,Computers
C1793,Computers
C18383,Computers
C18443,Computers
C19013,Computers
C19673,Computers
C20033,Computers
C20843,Computers
C21773,Computers
C21893,Computers
C23003,Computers
C24113,Computers
C24713,Computers
C25433,Computers
C26183,Computers
C26813,Computers
C27523,Computers
C29993,Computers
C30023,Computers
C30323,Computers
C31163,Computers
C31433,Computers
C31613,Computers
C32063,Computers
C33503,Computers
C34283,Computers
C35153,Computers
C35423,Computers
C35693,Computers
C35843,Computers
C36593,Computers
C36743,Computers
C37703,Computers
C37883,Computers
C38393,Computers
C38453,Computers
C38843,Computers
C3983,Computers
C41243,Computers
C42683,Computers
C42833,Computers
C43043,Computers
C43253,Computers
C43343,Computers
C43973,Computers
C44543,Computers
C44663,Computers
C44783,Computers
C44843,Computers
C46433,Computers
C4673,Computers
C46823,Computers
C46943,Computers
C47063,Computers
C47273,Computers
C47873,Computers
C4823,Computers
C48293,Computers
C48353,Computers
C49013,Computers
C49733,Computers
C51533,Computers
C52523,Computers
C53003,Computers
C53033,Computers
C53543,Computers
C54533,Computers
C55013,Computers
C55523,Computers
C56063,Computers
C56423,Computers
C56813,Computers
C57833,Computers
C58343,Computers
C58373,Computers
C58883,Computers
C59093,Computers
C5963,Computers
C59633,Computers
C60383,Computers
C60503,Computers
C60563,Computers
C61193,Computers
C61823,Computers
C61883,Computers
C62183,Computers
C62393,Computers
C62513,Computers
C63473,Computers
C63833,Computers
C65183,Computers
C65363,Computers
C66263,Computers
C67373,Computers
C68873,Computers
C69233,Computers
C70583,Computers
C70913,Computers
C70973,Computers
C72593,Computers
C72953,Computers
C73043,Computers
C7313,Computers
C73373,Computers
C74183,Computers
C74303,Computers
C74543,Computers
C74573,Computers
C74933,Computers
C75233,Computers
C76613,Computers
C77033,Computers
C78593,Computers
C79313,Computers
C79823,Computers
C79913,Computers
C79953,Computers
C80633,Computers
C8093,Computers
C84353,Computers
C84683,Computers
C85133,Computers
C85793,Computers
C87263,Computers
C87653,Computers
C8873,Computers
C89873,Computers
C92333,Computers
C92903,Computers
C95483,Computers
C95513,Computers
C9593,Computers
C96233,Computers
C96953,Computers
C97253,Computers
C97673,Computers
C98483,Computers
C99983,Computers
C100734,Computers
C100914,Computers
C101844,Computers
C102264,Computers
C10254,Computers
C102504,Computers
C102594,Computers
C103974,Computers
C104784,Computers
C104964,Computers
C105774,Computers
C105924,Computers
C106494,Computers
C106734,Computers
C106944,Computers
C107064,Computers
C107514,Computers
C107604,Computers
C107694,Computers
C108894,Computers
C109554,Computers
C109674,Computers
C109764,Computers
C110364,Computers
C110424,Computers
C110664,Computers
C111324,Computers
C111414,Computers
C112404,Computers
C11274,Computers
C112764,Computers
C112794,Computers
C113784,Computers
C114174,Computers
C114534,Computers
C114714,Computers
C115644,Computers
C116334,Computers
C117504,Computers
C117774,Computers
C118164,Computers
C1194,Computers
C119004,Computers
C120204,Computers
C120564,Computers
C120714,Computers
C121404,Computers
C122814,Computers
C123084,Computers
C123474,Computers
C12384,Computers
C12624,Computers
C12834,Computers
C13794,Computers
C13944,Computers
C14514,Computers
C14874,Computers
C15864,Computers
C1704,Computers
C17844,Computers
C1794,Computers
C18384,Computers
C18444,Computers
C19014,Computers
C19674,Computers
C20034,Computers
C20844,Computers
C21774,Computers
C21894,Computers
C23004,Computers
C24114,Computers
C24714,Computers
C25434,Computers
C26184,Computers
C26814,Computers
C27524,Computers
C29994,Computers
C30024,Computers
C30324,Computers
C31164,Computers
C31434,Computers
C31614,Computers
C32064,Computers
C33504,Computers
C34284,Computers
C35154,Computers
C35424,Computers
C35694,Computers
C35844,Computers
C36594,Computers
C36744,Computers
C37704,Computers
C37884,Computers
C38394,Computers
C38454,Computers
C38844,Computers
C3984,Computers
C41244,Computers
C42684,Computers
C42834,Computers
C43044,Computers
C43254,Computers
C43344,Computers
C43974,Computers
C44544,Computers
C44664,Computers
C44784,Computers
C44844,Computers
C46434,Computers
C4674,Computers
C46824,Computers
C46944,Computers
C47064,Computers
C47274,Computers
C47874,Computers
C4824,Computers
C48294,Computers
C48354,Computers
C49014,Computers
C49734,Computers
C51534,Computers
C52524,Computers
C53004,Computers
C53034,Computers
C53544,Computers
C54534,Computers
C55014,Computers
C55524,Computers
C56064,Computers
C56424,Computers
C56814,Computers
C57834,Computers
C58344,Computers
C58374,Computers
C58884,Computers
C59094,Computers
C5964,Computers
C59634,Computers
C60384,Computers
C60504,Computers
C60564,Computers
C61194,Computers
C61824,Computers
C61884,Computers
C62184,Computers
C62394,Computers
C62514,Computers
C63474,Computers
C63834,Computers
C65184,Computers
C65364,Computers
C66264,Computers
C67374,Computers
C68874,Computers
C69234,Computers
C70584,Computers
C70914,Computers
C70974,Computers
C72594,Computers
C72954,Computers
C73044,Computers
C7314,Computers
C73374,Computers
C74184,Computers
C74304,Computers
C74544,Computers
C74574,Computers
C74934,Computers
C75234,Computers
C76614,Computers
C77034,Computers
C78594,Computers
C79314,Computers
C79824,Computers
C79914,Computers
C79954,Computers
C80634,Computers
C8094,Computers
C84354,Computers
C84684,Computers
C85134,Computers
C85794,Computers
C87264,Computers
C87654,Computers
C8874,Computers
C89874,Computers
C92334,Computers
C92904,Computers
C95484,Computers
C95514,Computers
C9594,Computers
C96234,Computers
C96954,Computers
C97254,Computers
C97674,Computers
C98484,Computers
C99984,Computers
C100735,Computers
C100915,Computers
C101845,Computers
C102265,Computers
C10255,Computers
C102505,Computers
C102595,Computers
C103975,Computers
C104785,Computers
C104965,Computers
C105775,Computers
C105925,Computers
C106495,Computers
C106735,Computers
C106945,Computers
C107065,Computers
C107515,Computers
C107605,Computers
C107695,Computers
C108895,Computers
C109555,Computers
C109675,Computers
C109765,Computers
C110365,Computers
C110425,Computers
C110665,Computers
C111325,Computers
C111415,Computers
C112405,Computers
C11275,Computers
C112765,Computers
C112795,Computers
C113785,Computers
C114175,Computers
C114535,Computers
C114715,Computers
C115645,Computers
C116335,Computers
C117505,Computers
C117775,Computers
C118165,Computers
C1195,Computers
C119005,Computers
C120205,Computers
C120565,Computers
C120715,Computers
C121405,Computers
C122815,Computers
C123085,Computers
C123475,Computers
C12385,Computers
C12625,Computers
C12835,Computers
C13795,Computers
C13945,Computers
C14515,Computers
C14875,Computers
C15865,Computers
C1705,Computers
C17845,Computers
C1795,Computers
C18385,Computers
C18445,Computers
C19015,Computers
C19675,Computers
C20035,Computers
C20845,Computers
C21775,Computers
C21895,Computers
C23005,Computers
C24115,Computers
C24715,Computers
C25435,Computers
C26185,Computers
C26815,Computers
C27525,Computers
C29995,Computers
C30025,Computers
C30325,Computers
C31165,Computers
C31435,Computers
C31615,Computers
C32065,Computers
C33505,Computers
C34285,Computers
C35155,Computers
C35425,Computers
C35695,Computers
C35845,Computers
C36595,Computers
C36745,Computers
C37705,Computers
C37885,Computers
C38395,Computers
C38455,Computers
C38845,Computers
C3985,Computers
C41245,Computers
C42685,Computers
C42835,Computers
C43045,Computers
C43255,Computers
C43345,Computers
C43975,Computers
C44545,Computers
C44665,Computers
C44785,Computers
C46435,Computers
C4675,Computers
C46825,Computers
C46945,Computers
C47065,Computers
C47275,Computers
C47875,Computers
C4825,Computers
C48295,Computers
C48355,Computers
C49015,Computers
C49735,Computers
C51535,Computers
C52525,Computers
C53005,Computers
C53035,Computers
C53545,Computers
C54535,Computers
C55015,Computers
C55525,Computers
C56065,Computers
C56425,Computers
C56815,Computers
C57835,Computers
C58345,Computers
C58375,Computers
C58885,Computers
C59095,Computers
C5965,Computers
C59635,Computers
C60385,Computers
C60505,Computers
C60565,Computers
C61195,Computers
C61825,Computers
C61885,Computers
C62185,Computers
C62395,Computers
C62515,Computers
C63475,Computers
C63835,Computers
C65185,Computers
C65365,Computers
C66265,Computers
C67375,Computers
C68875,Computers
C69235,Computers
C70585,Computers
C70915,Computers
C70975,Computers
C72595,Computers
C72955,Computers
C73045,Computers
C7315,Computers
C73375,Computers
C74185,Computers
C74305,Computers
C74545,Computers
C74575,Computers
C74935,Computers
C75235,Computers
C76615,Computers
C77035,Computers
C78595,Computers
C79315,Computers
C79825,Computers
C79915,Computers
C79955,Computers
C80635,Computers
C8095,Computers
C84355,Computers
C84685,Computers
C85135,Computers
C85795,Computers
C87265,Computers
C87655,Computers
C8875,Computers
C89875,Computers
C92335,Computers
C92905,Computers
C95485,Computers
C95515,Computers
C9595,Computers
C96235,Computers
C96955,Computers
C97255,Computers
C97675,Computers
C98485,Computers
C99985,Computers
C100736,Computers
C100916,Computers
C101846,Computers
C102266,Computers
C10256,Computers
C102506,Computers
C102596,Computers
C103976,Computers
C104786,Computers
C104966,Computers
C105776,Computers
C105926,Computers
C106496,Computers
C106736,Computers
C106946,Computers
C107066,Computers
C107516,Computers
C107606,Computers
C107696,Computers
C108896,Computers
C109556,Computers
C109676,Computers
C109766,Computers
C110366,Computers
C110426,Computers
C110666,Computers
C111326,Computers
C111416,Computers
C112406,Computers
C11276,Computers
C112766,Computers
C112796,Computers
C113786,Computers
C114176,Computers
C114536,Computers
C114716,Computers
C115646,Computers
C116336,Computers
C117506,Computers
C117776,Computers
C118166,Computers
C1196,Computers
C119006,Computers
C120206,Computers
C120566,Computers
C120716,Computers
C121406,Computers
C122816,Computers
C123086,Computers
C123476,Computers
C12386,Computers
C12626,Computers
C12836,Computers
C13796,Computers
C13946,Computers
C14516,Computers
C14876,Computers
C15866,Computers
C1706,Computers
C17846,Computers
C1796,Computers
C18386,Computers
C18446,Computers
C19016,Computers
C19676,Computers
C20036,Computers
C20846,Computers
C21776,Computers
C21896,Computers
C23006,Computers
C24116,Computers
C24716,Computers
C25436,Computers
C26186,Computers
C26816,Computers
C27526,Computers
C29996,Computers
C30026,Computers
C30326,Computers
C31166,Computers
C31436,Computers
C31616,Computers
C32066,Computers
C33506,Computers
C34286,Computers
C35156,Computers
C35426,Computers
C35696,Computers
C35846,Computers
C36596,Computers
C36746,Computers
C37706,Computers
C37886,Computers
C38396,Computers
C38456,Computers
C38846,Computers
C3986,Computers
C41246,Computers
C42686,Computers
C42836,Computers
C43046,Computers
C43256,Computers
C43346,Computers
C43976,Computers
C44546,Computers
C44666,Computers
C44786,Computers
C44846,Computers
C46436,Computers
C4676,Computers
C46826,Computers
C46946,Computers
C47066,Computers
C47276,Computers
C47876,Computers
C4826,Computers
C48296,Computers
C48356,Computers
C49016,Computers
C49736,Computers
C51536,Computers
C52526,Computers
C53006,Computers
C53036,Computers
C53546,Computers
C54536,Computers
C55016,Computers
C55526,Computers
C56066,Computers
C56426,Computers
C56816,Computers
C57836,Computers
C58346,Computers
C58376,Computers
C58886,Computers
C59096,Computers
C5966,Computers
C59636,Computers
C60386,Computers
C60506,Computers
C60566,Computers
C61196,Computers
C61826,Computers
C61886,Computers
C62186,Computers
C62396,Computers
C62516,Computers
C63476,Computers
C63836,Computers
C65186,Computers
C65366,Computers
C66266,Computers
C67376,Computers
C68876,Computers
C69236,Computers
C70586,Computers
C70916,Computers
C70976,Computers
C72596,Computers
C72956,Computers
C73046,Computers
C7316,Computers
C73376,Computers
C74186,Computers
C74306,Computers
C74546,Computers
C74576,Computers
C74936,Computers
C75236,Computers
C76616,Computers
C77036,Computers
C78596,Computers
C79316,Computers
C79826,Computers
C79916,Computers
C79956,Computers
C80636,Computers
C8096,Computers
C84356,Computers
C84686,Computers
C85136,Computers
C85796,Computers
C87266,Computers
C87656,Computers
C8876,Computers
C89876,Computers
C92336,Computers
C92906,Computers
C95486,Computers
C95516,Computers
C9596,Computers
C96236,Computers
C96956,Computers
C97256,Computers
C97676,Computers
C98486,Computers
C99986,Computers
C100737,Computers
C100917,Computers
C101847,Computers
C102267,Computers
C10257,Computers
C102507,Computers
C102597,Computers
C103977,Computers
C104787,Computers
C104967,Computers
C105777,Computers
C105927,Computers
C106497,Computers
C106737,Computers
C106947,Computers
C107067,Computers
C107517,Computers
C107607,Computers
C107697,Computers
C108897,Computers
C109557,Computers
C109677,Computers
C109767,Computers
C110367,Computers
C110427,Computers
C110667,Computers
C111327,Computers
C111417,Computers
C112407,Computers
C11277,Computers
C112767,Computers
C112797,Computers
C113787,Computers
C114177,Computers
C114537,Computers
C114717,Computers
C115647,Computers
C116337,Computers
C117507,Computers
C117777,Computers
C118167,Computers
C1197,Computers
C119007,Computers
C120207,Computers
C120567,Computers
C120717,Computers
C121407,Computers
C122817,Computers
C123087,Computers
C123477,Computers
C12387,Computers
C12627,Computers
C12837,Computers
C13797,Computers
C13947,Computers
C14517,Computers
C14877,Computers
C15867,Computers
C1707,Computers
C17847,Computers
C1797,Computers
C18387,Computers
C18447,Computers
C19017,Computers
C19677,Computers
C20037,Computers
C20847,Computers
C21777,Computers
C21897,Computers
C23007,Computers
C24117,Computers
C24717,Computers
C25437,Computers
C26187,Computers
C26817,Computers
C27527,Computers
C29997,Computers
C30027,Computers
C30327,Computers
C31167,Computers
C31437,Computers
C31617,Computers
C32067,Computers
C33507,Computers
C34287,Computers
C35157,Computers
C35427,Computers
C35697,Computers
C35847,Computers
C36597,Computers
C36747,Computers
C37707,Computers
C37887,Computers
C38397,Computers
C38457,Computers
C38847,Computers
C3987,Computers
C41247,Computers
C42687,Computers
C42837,Computers
C43047,Computers
C43257,Computers
C43347,Computers
C43977,Computers
C44547,Computers
C44667,Computers
C44787,Computers
C44847,Computers
C46437,Computers
C4677,Computers
C46827,Computers
C46947,Computers
C47067,Computers
C47277,Computers
C47877,Computers
C4827,Computers
C48297,Computers
C48357,Computers
C49017,Computers
C49737,Computers
C51537,Computers
C52527,Computers
C53007,Computers
C53037,Computers
C53547,Computers
C54537,Computers
C55017,Computers
C55527,Computers
C56067,Computers
C56427,Computers
C56817,Computers
C57837,Computers
C58347,Computers
C58377,Computers
C58887,Computers
C59097,Computers
C5967,Computers
C59637,Computers
C60387,Computers
C60507,Computers
C60567,Computers
C61197,Computers
C61827,Computers
C61887,Computers
C62187,Computers
C62397,Computers
C62517,Computers
C63477,Computers
C63837,Computers
C65187,Computers
C65367,Computers
C66267,Computers
C67377,Computers
C68877,Computers
C69237,Computers
C70587,Computers
C70917,Computers
C70977,Computers
C72597,Computers
C72957,Computers
C73047,Computers
C7317,Computers
C73377,Computers
C74187,Computers
C74307,Computers
C74547,Computers
C74577,Computers
C74937,Computers
C75237,Computers
C76617,Computers
C77037,Computers
C78597,Computers
C79317,Computers
C79827,Computers
C79917,Computers
C79957,Computers
C80637,Computers
C8097,Computers
C84357,Computers
C84687,Computers
C85137,Computers
C85797,Computers
C87267,Computers
C87657,Computers
C8877,Computers
C89877,Computers
C92337,Computers
C92907,Computers
C95487,Computers
C95517,Computers
C9597,Computers
C96237,Computers
C96957,Computers
C97257,Computers
C97677,Computers
C98487,Computers
C99987,Computers
C100738,Computers
C100918,Computers
C101848,Computers
C102268,Computers
C10258,Computers
C102508,Computers
C102598,Computers
C103978,Computers
C104788,Computers
C104968,Computers
C105778,Computers
C105928,Computers
C106498,Computers
C106738,Computers
C106948,Computers
C107068,Computers
C107518,Computers
C107608,Computers
C107698,Computers
C108898,Computers
C109558,Computers
C109678,Computers
C109768,Computers
C110368,Computers
C110428,Computers
C110668,Computers
C111328,Computers
C111418,Computers
C112408,Computers
C11278,Computers
C112768,Computers
C112798,Computers
C113788,Computers
C114178,Computers
C114538,Computers
C114718,Computers
C115648,Computers
C116338,Computers
C117508,Computers
C117778,Computers
C118168,Computers
C1198,Computers
C119008,Computers
C120208,Computers
C120568,Computers
C120718,Computers
C121408,Computers
C122818,Computers
C123088,Computers
C123478,Computers
C12388,Computers
C12628,Computers
C12838,Computers
C13798,Computers
C13948,Computers
C14518,Computers
C14878,Computers
C15868,Computers
C1708,Computers
C17848,Computers
C1798,Computers
C18388,Computers
C18448,Computers
C19018,Computers
C19678,Computers
C20038,Computers
C20848,Computers
C21778,Computers
C21898,Computers
C23008,Computers
C24118,Computers
C24718,Computers
C25438,Computers
C26188,Computers
C26818,Computers
C27528,Computers
C29998,Computers
C30028,Computers
C30328,Computers
C31168,Computers
C31438,Computers
C31618,Computers
C32068,Computers
C33508,Computers
C34288,Computers
C35158,Computers
C35428,Computers
C35698,Computers
C35848,Computers
C36598,Computers
C36748,Computers
C37708,Computers
C37888,Computers
C38398,Computers
C38458,Computers
C38848,Computers
C3988,Computers
C41248,Computers
C42688,Computers
C42838,Computers
C43048,Computers
C43258,Computers
C43348,Computers
C43978,Computers
C44548,Computers
C44668,Computers
C44788,Computers
C44848,Computers
C46438,Computers
C4678,Computers
C46828,Computers
C46948,Computers
C47068,Computers
C47278,Computers
C47878,Computers
C4828,Computers
C48298,Computers
C48358,Computers
C49018,Computers
C49738,Computers
C51538,Computers
C52528,Computers
C53008,Computers
C53038,Computers
C53548,Computers
C54538,Computers
C55018,Computers
C55528,Computers
C56068,Computers
C56428,Computers
C56818,Computers
C57838,Computers
C58348,Computers
C58378,Computers
C58888,Computers
C59098,Computers
C5968,Computers
C59638,Computers
C60388,Computers
C60508,Computers
C60568,Computers
C61198,Computers
C61828,Computers
C61888,Computers
C62188,Computers
C62398,Computers
C62518,Computers
C63478,Computers
C63838,Computers
C65188,Computers
C65368,Computers
C66268,Computers
C67378,Computers
C68878,Computers
C69238,Computers
C70588,Computers
C70918,Computers
C70978,Computers
C72598,Computers
C72958,Computers
C73048,Computers
C7318,Computers
C73378,Computers
C74188,Computers
C74308,Computers
C74548,Computers
C74578,Computers
C74938,Computers
C75238,Computers
C76618,Computers
C77038,Computers
C78598,Computers
C79318,Computers
C79828,Computers
C79918,Computers
C79958,Computers
C80638,Computers
C8098,Computers
C84358,Computers
C84688,Computers
C85138,Computers
C85798,Computers
C87268,Computers
C87658,Computers
C8878,Computers
C89878,Computers
C92338,Computers
C92908,Computers
C95488,Computers
C95518,Computers
C9598,Computers
C96238,Computers
C96958,Computers
C97258,Computers
C97678,Computers
C98488,Computers
C99988,Computers
C100739,Computers
C100919,Computers
C101849,Computers
C102269,Computers
C10259,Computers
C102509,Computers
C102599,Computers
C103979,Computers
C104789,Computers
C104969,Computers
C105779,Computers
C105929,Computers
C106499,Computers
C106739,Computers
C106949,Computers
C107069,Computers
C107519,Computers
C107609,Computers
C107699,Computers
C108899,Computers
C109559,Computers
C109679,Computers
C109769,Computers
C110369,Computers
C110429,Computers
C110669,Computers
C111329,Computers
C111419,Computers
C112409,Computers
C11279,Computers
C112769,Computers
C112799,Computers
C113789,Computers
C114179,Computers
C114539,Computers
C114719,Computers
C115649,Computers
C116339,Computers
C117509,Computers
C117779,Computers
C118169,Computers
C1199,Computers
C119009,Computers
C120209,Computers
C120569,Computers
C120719,Computers
C121409,Computers
C122819,Computers
C123089,Computers
C123479,Computers
C12389,Computers
C12629,Computers
C12839,Computers
C13799,Computers
C13949,Computers
C14519,Computers
C14879,Computers
C15869,Computers
C1709,Computers
C17849,Computers
C1799,Computers
C18389,Computers
C18449,Computers
C19019,Computers
C19679,Computers
C20039,Computers
C20849,Computers
C21779,Computers
C21899,Computers
C23009,Computers
C24119,Computers
C24719,Computers
C25439,Computers
C26189,Computers
C26819,Computers
C27529,Computers
C29999,Computers
C30029,Computers
C30329,Computers
C31169,Computers
C31439,Computers
C31619,Computers
C32069,Computers
C33509,Computers
C34289,Computers
C35159,Computers
C35429,Computers
C35699,Computers
C35849,Computers
C36599,Computers
C36749,Computers
C37709,Computers
C37889,Computers
C38399,Computers
C38459,Computers
C38849,Computers
C3989,Computers
C41249,Computers
C42689,Computers
C42839,Computers
C43049,Computers
C43259,Computers
C43349,Computers
C43979,Computers
C44549,Computers
C44669,Computers
C44789,Computers
C44849,Computers
C46439,Computers
C4679,Computers
C46829,Computers
C46949,Computers
C47069,Computers
C47279,Computers
C47879,Computers
C4829,Computers
C48299,Computers
C48359,Computers
C49019,Computers
C49739,Computers
C51539,Computers
C52529,Computers
C53009,Computers
C53039,Computers
C53549,Computers
C54539,Computers
C55019,Computers
C55529,Computers
C56069,Computers
C56429,Computers
C56819,Computers
C57839,Computers
C58349,Computers
C58379,Computers
C58889,Computers
C59099,Computers
C5969,Computers
C59639,Computers
C60389,Computers
C60509,Computers
C60569,Computers
C61199,Computers
C61829,Computers
C61889,Computers
C62189,Computers
C62399,Computers
C62519,Computers
C63479,Computers
C63839,Computers
C65189,Computers
C65369,Computers
C66269,Computers
C67379,Computers
C68879,Computers
C69239,Computers
C70589,Computers
C70919,Computers
C70979,Computers
C72599,Computers
C72959,Computers
C73049,Computers
C7319,Computers
C73379,Computers
C74189,Computers
C74309,Computers
C74549,Computers
C74579,Computers
C74939,Computers
C75239,Computers
C76619,Computers
C77039,Computers
C78599,Computers
C79319,Computers
C79829,Computers
C79919,Computers
C79959,Computers
C80639,Computers
C8099,Computers
C84359,Computers
C84689,Computers
C85139,Computers
C85799,Computers
C87269,Computers
C87659,Computers
C8879,Computers
C89879,Computers
C92339,Computers
C92909,Computers
C95489,Computers
C95519,Computers
C9599,Computers
C96239,Computers
C96959,Computers
C97259,Computers
C97679,Computers
C98489,Computers
C99989,Computers
C100910,Computers
C101840,Computers
C102260,Computers
C10250,Computers
C102500,Computers
C102590,Computers
C103970,Computers
C104780,Computers
C104960,Computers
C105770,Computers
C105920,Computers
C106490,Computers
C106730,Computers
C106940,Computers
C107060,Computers
C107510,Computers
C107600,Computers
C107690,Computers
C108890,Computers
C109550,Computers
C109670,Computers
C109760,Computers
C110360,Computers
C110420,Computers
C110660,Computers
C111320,Computers
C111410,Computers
C112400,Computers
C11270,Computers
C112760,Computers
C112790,Computers
C113780,Computers
C114170,Computers
C114530,Computers
C114710,Computers
C115640,Computers
C116330,Computers
C117500,Computers
C117770,Computers
C118160,Computers
C1190,Computers
C119000,Computers
C120200,Computers
C120560,Computers
C120710,Computers
C121400,Computers
C122810,Computers
C123080,Computers
C123470,Computers
C12380,Computers
C12620,Computers
C12830,Computers
C13790,Computers
C13940,Computers
C14510,Computers
C14870,Computers
C15860,Computers
C1700,Computers
C17840,Computers
C1790,Computers
C18380,Computers
C18440,Computers
C19010,Computers
C19670,Computers
C20030,Computers
C20840,Computers
C21770,Computers
C21890,Computers
C23000,Computers
C24110,Computers
C24710,Computers
C25430,Computers
C26180,Computers
C26810,Computers
C27520,Computers
C29990,Computers
C30020,Computers
C30320,Computers
C31160,Computers
C31430,Computers
C31610,Computers
C32060,Computers
C33500,Computers
C34280,Computers
C35150,Computers
C35420,Computers
C35690,Computers
C35840,Computers
C36590,Computers
C36740,Computers
C37700,Computers
C37880,Computers
C38390,Computers
C38450,Computers
C38840,Computers
C3980,Computers
C41240,Computers
C42680,Computers
C42830,Computers
C43040,Computers
C43250,Computers
C43340,Computers
C43970,Computers
C44540,Computers
C44660,Computers
C44780,Computers
C44840,Computers
C46430,Computers
C4670,Computers
C46820,Computers
C46940,Computers
C47060,Computers
C47270,Computers
C47870,Computers
C4820,Computers
C48290,Computers
C48350,Computers
C49010,Computers
C49730,Computers
C51530,Computers
C52520,Computers
C53000,Computers
C53030,Computers
C53540,Computers
C54530,Computers
C55010,Computers
C55520,Computers
C56060,Computers
C56420,Computers
C56810,Computers
C57830,Computers
C58340,Computers
C58370,Computers
C58880,Computers
C59090,Computers
C5960,Computers
C59630,Computers
C60380,Computers
C60500,Computers
C60560,Computers
C61190,Computers
C61820,Computers
C61880,Computers
C62180,Computers
C62390,Computers
C62510,Computers
C63470,Computers
C63830,Computers
C65180,Computers
C65360,Computers
C66260,Computers
C67370,Computers
C68870,Computers
C69230,Computers
C70580,Computers
C70910,Computers
C70970,Computers
C72590,Computers
C72950,Computers
C73040,Computers
C7310,Computers
C73370,Computers
C74180,Computers
C74300,Computers
C74540,Computers
C74570,Computers
C74930,Computers
C75230,Computers
C76610,Computers
C77030,Computers
C78590,Computers
C79310,Computers
C79820,Computers
C79910,Computers
C79950,Computers
C80630,Computers
C8090,Computers
C84350,Computers
C84680,Computers
C85130,Computers
C85790,Computers
C87260,Computers
C87650,Computers
C8870,Computers
C89870,Computers
C92330,Computers
C92900,Computers
C95480,Computers
C95510,Computers
C9590,Computers
C96230,Computers
C96950,Computers
C97250,Computers
C97670,Computers
C98480,Computers
C99980,Computers
