C10082,Monitor
C10226,Monitor
C10250,Monitor
C10310,Monitor
C10316,Monitor
C10337,Monitor
C10478,Monitor
C10655,Monitor
C10673,Monitor
C10817,Monitor
C10865,Monitor
C10976,Monitor
C11066,Monitor
C11069,Monitor
C11126,Monitor
C11132,Monitor
C1127,Monitor
C11273,Monitor
C11279,Monitor
C1136,Monitor
C11408,Monitor
C11417,Monitor
C11453,Monitor
C11456,Monitor
C11531,Monitor
C11552,Monitor
C11585,Monitor
C11633,Monitor
C11660,Monitor
C11996,Monitor
C12026,Monitor
C12056,Monitor
C12071,Monitor
C12140,Monitor
C12308,Monitor
C1262,Monitor
C1487,Monitor
C1613,Monitor
C1697,Monitor
C170,Monitor
C1784,Monitor
C1895,Monitor
C1967,Monitor
C1982,Monitor
C2003,Monitor
C2177,Monitor
C2543,Monitor
C2738,Monitor
C2752,Monitor
C2756,Monitor
C305,Monitor
C3053,Monitor
C3107,Monitor
C3143,Monitor
C3161,Monitor
C3203,Monitor
C3344,Monitor
C3542,Monitor
C3659,Monitor
C3788,Monitor
C3839,Monitor
C3884,Monitor
C3887,Monitor
C398,Monitor
C4010,Monitor
C4124,Monitor
C4181,Monitor
C4196,Monitor
C4250,Monitor
C4268,Monitor
C4334,Monitor
C4418,Monitor
C4619,Monitor
C467,Monitor
C4694,Monitor
C4706,Monitor
C4727,Monitor
C4787,Monitor
C4829,Monitor
C4835,Monitor
C4901,Monitor
C5153,Monitor
C5252,Monitor
C527,Monitor
C5300,Monitor
C5303,Monitor
C5354,Monitor
C5366,Monitor
C5429,Monitor
C5501,Monitor
C5552,Monitor
C5639,Monitor
C5681,Monitor
C5783,Monitor
C5837,Monitor
C5909,Monitor
C5963,Monitor
C5996,Monitor
C6038,Monitor
C6050,Monitor
C6125,Monitor
C6218,Monitor
C6335,Monitor
C6347,Monitor
C6383,Monitor
C6449,Monitor
C6923,Monitor
C7082,Monitor
C7325,Monitor
C7337,Monitor
C7418,Monitor
C7493,Monitor
C7646,Monitor
C7661,Monitor
C7703,Monitor
C788,Monitor
C7931,Monitor
C7995,Monitor
C809,Monitor
C8435,Monitor
C8579,Monitor
C8765,Monitor
C887,Monitor
C9191,Monitor
C9233,Monitor
C9548,Monitor
C9569,Monitor
C959,Monitor
C9623,Monitor
C9998,Monitor
C100821,Monitor
C102261,Monitor
C102501,Monitor
C103101,Monitor
C103161,Monitor
C103371,Monitor
C104781,Monitor
C106551,Monitor
C106731,Monitor
C108171,Monitor
C108651,Monitor
C109761,Monitor
C110661,Monitor
C110691,Monitor
C111261,Monitor
C111321,Monitor
C11271,Monitor
C112731,Monitor
C112791,Monitor
C11361,Monitor
C114081,Monitor
C114171,Monitor
C114531,Monitor
C114561,Monitor
C115311,Monitor
C115521,Monitor
C115851,Monitor
C116331,Monitor
C116601,Monitor
C119961,Monitor
C120261,Monitor
C120561,Monitor
C120711,Monitor
C121401,Monitor
C123081,Monitor
C12621,Monitor
C14871,Monitor
C16131,Monitor
C16971,Monitor
C1701,Monitor
C17841,Monitor
C18951,Monitor
C19671,Monitor
C19821,Monitor
C20031,Monitor
C21771,Monitor
C25431,Monitor
C27381,Monitor
C27521,Monitor
C27561,Monitor
C3051,Monitor
C30531,Monitor
C31071,Monitor
C31431,Monitor
C31611,Monitor
C32031,Monitor
C33441,Monitor
C35421,Monitor
C36591,Monitor
C37881,Monitor
C38391,Monitor
C38841,Monitor
C38871,Monitor
C3981,Monitor
C40101,Monitor
C41241,Monitor
C41811,Monitor
C41961,Monitor
C42501,Monitor
C42681,Monitor
C43341,Monitor
C44181,Monitor
C46191,Monitor
C4671,Monitor
C46941,Monitor
C47061,Monitor
C47271,Monitor
C47871,Monitor
C48291,Monitor
C48351,Monitor
C49011,Monitor
C51531,Monitor
C52521,Monitor
C5271,Monitor
C53001,Monitor
C53031,Monitor
C53541,Monitor
C53661,Monitor
C54291,Monitor
C55011,Monitor
C55521,Monitor
C56391,Monitor
C56811,Monitor
C57831,Monitor
C58371,Monitor
C59091,Monitor
C59631,Monitor
C59961,Monitor
C60381,Monitor
C60501,Monitor
C61251,Monitor
C62181,Monitor
C63351,Monitor
C63471,Monitor
C63831,Monitor
C64491,Monitor
C69231,Monitor
C70821,Monitor
C73251,Monitor
C73371,Monitor
C74181,Monitor
C74931,Monitor
C76461,Monitor
C76611,Monitor
C77031,Monitor
C7881,Monitor
C79311,Monitor
C79951,Monitor
C8091,Monitor
C84351,Monitor
C85791,Monitor
C87651,Monitor
C8871,Monitor
C91911,Monitor
C92331,Monitor
C95481,Monitor
C95691,Monitor
C9591,Monitor
C96231,Monitor
C99981,Monitor
C100822,Monitor
C102262,Monitor
C102502,Monitor
C103102,Monitor
C103162,Monitor
C103372,Monitor
C104782,Monitor
C106552,Monitor
C106732,Monitor
C108172,Monitor
C108652,Monitor
C109762,Monitor
C110662,Monitor
C110692,Monitor
C111262,Monitor
C111322,Monitor
C11272,Monitor
C112732,Monitor
C112792,Monitor
C11362,Monitor
C114082,Monitor
C114172,Monitor
C114532,Monitor
C114562,Monitor
C115312,Monitor
C115522,Monitor
C115852,Monitor
C116332,Monitor
C116602,Monitor
C119962,Monitor
C120262,Monitor
C120562,Monitor
C120712,Monitor
C121402,Monitor
C123082,Monitor
C12622,Monitor
C14872,Monitor
C16132,Monitor
C16972,Monitor
C1702,Monitor
C17842,Monitor
C18952,Monitor
C19672,Monitor
C19822,Monitor
C20032,Monitor
C21772,Monitor
C25432,Monitor
C27382,Monitor
C27522,Monitor
C27562,Monitor
C3052,Monitor
C30532,Monitor
C31072,Monitor
C31432,Monitor
C31612,Monitor
C32032,Monitor
C33442,Monitor
C35422,Monitor
C36592,Monitor
C37882,Monitor
C38392,Monitor
C38842,Monitor
C38872,Monitor
C3982,Monitor
C40102,Monitor
C41242,Monitor
C41812,Monitor
C41962,Monitor
C42502,Monitor
C42682,Monitor
C43342,Monitor
C44182,Monitor
C46192,Monitor
C4672,Monitor
C46942,Monitor
C47062,Monitor
C47272,Monitor
C47872,Monitor
C48292,Monitor
C48352,Monitor
C49012,Monitor
C51532,Monitor
C52522,Monitor
C5272,Monitor
C53002,Monitor
C53032,Monitor
C53542,Monitor
C53662,Monitor
C54292,Monitor
C55012,Monitor
C55522,Monitor
C56392,Monitor
C56812,Monitor
C57832,Monitor
C58372,Monitor
C59092,Monitor
C59632,Monitor
C59962,Monitor
C60382,Monitor
C60502,Monitor
C61252,Monitor
C62182,Monitor
C63352,Monitor
C63472,Monitor
C63832,Monitor
C64492,Monitor
C69232,Monitor
C70822,Monitor
C73252,Monitor
C73372,Monitor
C74182,Monitor
C74932,Monitor
C76462,Monitor
C76612,Monitor
C77032,Monitor
C7882,Monitor
C79312,Monitor
C79952,Monitor
C8092,Monitor
C84352,Monitor
C85792,Monitor
C87652,Monitor
C8872,Monitor
C91912,Monitor
C92332,Monitor
C95482,Monitor
C95692,Monitor
C9592,Monitor
C96232,Monitor
C99982,Monitor
C100823,Monitor
C102263,Monitor
C102503,Monitor
C103103,Monitor
C103163,Monitor
C103373,Monitor
C104783,Monitor
C106553,Monitor
C106733,Monitor
C108173,Monitor
C108653,Monitor
C109763,Monitor
C110663,Monitor
C110693,Monitor
C111263,Monitor
C111323,Monitor
C11273,Monitor
C112733,Monitor
C112793,Monitor
C11363,Monitor
C114083,Monitor
C114173,Monitor
C114533,Monitor
C114563,Monitor
C115313,Monitor
C115523,Monitor
C115853,Monitor
C116333,Monitor
C116603,Monitor
C119963,Monitor
C120263,Monitor
C120563,Monitor
C120713,Monitor
C121403,Monitor
C123083,Monitor
C12623,Monitor
C14873,Monitor
C16133,Monitor
C16973,Monitor
C1703,Monitor
C17843,Monitor
C18953,Monitor
C19673,Monitor
C19823,Monitor
C20033,Monitor
C21773,Monitor
C25433,Monitor
C27383,Monitor
C27523,Monitor
C27563,Monitor
C3053,Monitor
C30533,Monitor
C31073,Monitor
C31433,Monitor
C31613,Monitor
C32033,Monitor
C33443,Monitor
C35423,Monitor
C36593,Monitor
C37883,Monitor
C38393,Monitor
C38843,Monitor
C38873,Monitor
C3983,Monitor
C40103,Monitor
C41243,Monitor
C41813,Monitor
C41963,Monitor
C42503,Monitor
C42683,Monitor
C43343,Monitor
C44183,Monitor
C46193,Monitor
C4673,Monitor
C46943,Monitor
C47063,Monitor
C47273,Monitor
C47873,Monitor
C48293,Monitor
C48353,Monitor
C49013,Monitor
C51533,Monitor
C52523,Monitor
C5273,Monitor
C53003,Monitor
C53033,Monitor
C53543,Monitor
C53663,Monitor
C54293,Monitor
C55013,Monitor
C55523,Monitor
C56393,Monitor
C56813,Monitor
C57833,Monitor
C58373,Monitor
C59093,Monitor
C59633,Monitor
C59963,Monitor
C60383,Monitor
C60503,Monitor
C61253,Monitor
C62183,Monitor
C63353,Monitor
C63473,Monitor
C63833,Monitor
C64493,Monitor
C69233,Monitor
C70823,Monitor
C73253,Monitor
C73373,Monitor
C74183,Monitor
C74933,Monitor
C76463,Monitor
C76613,Monitor
C77033,Monitor
C7883,Monitor
C79313,Monitor
C79953,Monitor
C8093,Monitor
C84353,Monitor
C85793,Monitor
C87653,Monitor
C8873,Monitor
C91913,Monitor
C92333,Monitor
C95483,Monitor
C95693,Monitor
C9593,Monitor
C96233,Monitor
C99983,Monitor
C100824,Monitor
C102264,Monitor
C102504,Monitor
C103104,Monitor
C103164,Monitor
C103374,Monitor
C104784,Monitor
C106554,Monitor
C106734,Monitor
C108174,Monitor
C108654,Monitor
C109764,Monitor
C110664,Monitor
C110694,Monitor
C111264,Monitor
C111324,Monitor
C11274,Monitor
C112734,Monitor
C112794,Monitor
C11364,Monitor
C114084,Monitor
C114174,Monitor
C114534,Monitor
C114564,Monitor
C115314,Monitor
C115524,Monitor
C115854,Monitor
C116334,Monitor
C116604,Monitor
C119964,Monitor
C120264,Monitor
C120564,Monitor
C120714,Monitor
C121404,Monitor
C123084,Monitor
C12624,Monitor
C14874,Monitor
C16134,Monitor
C16974,Monitor
C1704,Monitor
C17844,Monitor
C18954,Monitor
C19674,Monitor
C19824,Monitor
C20034,Monitor
C21774,Monitor
C25434,Monitor
C27384,Monitor
C27524,Monitor
C27564,Monitor
C3054,Monitor
C30534,Monitor
C31074,Monitor
C31434,Monitor
C31614,Monitor
C32034,Monitor
C33444,Monitor
C35424,Monitor
C36594,Monitor
C37884,Monitor
C38394,Monitor
C38844,Monitor
C38874,Monitor
C3984,Monitor
C40104,Monitor
C41244,Monitor
C41814,Monitor
C41964,Monitor
C42504,Monitor
C42684,Monitor
C43344,Monitor
C44184,Monitor
C46194,Monitor
C4674,Monitor
C46944,Monitor
C47064,Monitor
C47274,Monitor
C47874,Monitor
C48294,Monitor
C48354,Monitor
C49014,Monitor
C51534,Monitor
C52524,Monitor
C5274,Monitor
C53004,Monitor
C53034,Monitor
C53544,Monitor
C53664,Monitor
C54294,Monitor
C55014,Monitor
C55524,Monitor
C56394,Monitor
C56814,Monitor
C57834,Monitor
C58374,Monitor
C59094,Monitor
C59634,Monitor
C59964,Monitor
C60384,Monitor
C60504,Monitor
C61254,Monitor
C62184,Monitor
C63354,Monitor
C63474,Monitor
C63834,Monitor
C64494,Monitor
C69234,Monitor
C70824,Monitor
C73254,Monitor
C73374,Monitor
C74184,Monitor
C74934,Monitor
C76464,Monitor
C76614,Monitor
C77034,Monitor
C7884,Monitor
C79314,Monitor
C79954,Monitor
C8094,Monitor
C84354,Monitor
C85794,Monitor
C87654,Monitor
C8874,Monitor
C91914,Monitor
C92334,Monitor
C95484,Monitor
C95694,Monitor
C9594,Monitor
C96234,Monitor
C99984,Monitor
C100825,Monitor
C102265,Monitor
C102505,Monitor
C103105,Monitor
C103165,Monitor
C103375,Monitor
C104785,Monitor
C106555,Monitor
C106735,Monitor
C108175,Monitor
C108655,Monitor
C109765,Monitor
C110665,Monitor
C110695,Monitor
C111265,Monitor
C111325,Monitor
C11275,Monitor
C112735,Monitor
C112795,Monitor
C11365,Monitor
C114085,Monitor
C114175,Monitor
C114535,Monitor
C114565,Monitor
C115315,Monitor
C115525,Monitor
C115855,Monitor
C116335,Monitor
C116605,Monitor
C119965,Monitor
C120265,Monitor
C120565,Monitor
C120715,Monitor
C121405,Monitor
C123085,Monitor
C12625,Monitor
C14875,Monitor
C16135,Monitor
C16975,Monitor
C1705,Monitor
C17845,Monitor
C18955,Monitor
C19675,Monitor
C19825,Monitor
C20035,Monitor
C21775,Monitor
C25435,Monitor
C27385,Monitor
C27525,Monitor
C27565,Monitor
C3055,Monitor
C30535,Monitor
C31075,Monitor
C31435,Monitor
C31615,Monitor
C32035,Monitor
C33445,Monitor
C35425,Monitor
C36595,Monitor
C37885,Monitor
C38395,Monitor
C38845,Monitor
C38875,Monitor
C3985,Monitor
C40105,Monitor
C41245,Monitor
C41815,Monitor
C41965,Monitor
C42505,Monitor
C42685,Monitor
C43345,Monitor
C44185,Monitor
C46195,Monitor
C4675,Monitor
C46945,Monitor
C47065,Monitor
C47275,Monitor
C47875,Monitor
C48295,Monitor
C48355,Monitor
C49015,Monitor
C51535,Monitor
C52525,Monitor
C5275,Monitor
C53005,Monitor
C53035,Monitor
C53545,Monitor
C53665,Monitor
C54295,Monitor
C55015,Monitor
C55525,Monitor
C56395,Monitor
C56815,Monitor
C57835,Monitor
C58375,Monitor
C59095,Monitor
C59635,Monitor
C59965,Monitor
C60385,Monitor
C60505,Monitor
C61255,Monitor
C62185,Monitor
C63355,Monitor
C63475,Monitor
C63835,Monitor
C64495,Monitor
C69235,Monitor
C70825,Monitor
C73255,Monitor
C73375,Monitor
C74185,Monitor
C74935,Monitor
C76465,Monitor
C76615,Monitor
C77035,Monitor
C7885,Monitor
C79315,Monitor
C79955,Monitor
C8095,Monitor
C84355,Monitor
C85795,Monitor
C87655,Monitor
C8875,Monitor
C91915,Monitor
C92335,Monitor
C95485,Monitor
C95695,Monitor
C9595,Monitor
C96235,Monitor
C99985,Monitor
C100826,Monitor
C102266,Monitor
C102506,Monitor
C103106,Monitor
C103166,Monitor
C103376,Monitor
C104786,Monitor
C106556,Monitor
C106736,Monitor
C108176,Monitor
C108656,Monitor
C109766,Monitor
C110666,Monitor
C110696,Monitor
C111266,Monitor
C111326,Monitor
C11276,Monitor
C112736,Monitor
C112796,Monitor
C11366,Monitor
C114086,Monitor
C114176,Monitor
C114536,Monitor
C114566,Monitor
C115316,Monitor
C115526,Monitor
C115856,Monitor
C116336,Monitor
C116606,Monitor
C119966,Monitor
C120266,Monitor
C120566,Monitor
C120716,Monitor
C121406,Monitor
C123086,Monitor
C12626,Monitor
C14876,Monitor
C16136,Monitor
C16976,Monitor
C1706,Monitor
C17846,Monitor
C18956,Monitor
C19676,Monitor
C19826,Monitor
C20036,Monitor
C21776,Monitor
C25436,Monitor
C27386,Monitor
C27526,Monitor
C27566,Monitor
C3056,Monitor
C30536,Monitor
C31076,Monitor
C31436,Monitor
C31616,Monitor
C32036,Monitor
C33446,Monitor
C35426,Monitor
C36596,Monitor
C37886,Monitor
C38396,Monitor
C38846,Monitor
C38876,Monitor
C3986,Monitor
C40106,Monitor
C41246,Monitor
C41816,Monitor
C41966,Monitor
C42506,Monitor
C42686,Monitor
C43346,Monitor
C44186,Monitor
C46196,Monitor
C4676,Monitor
C46946,Monitor
C47066,Monitor
C47276,Monitor
C47876,Monitor
C48296,Monitor
C48356,Monitor
C49016,Monitor
C51536,Monitor
C52526,Monitor
C5276,Monitor
C53006,Monitor
C53036,Monitor
C53546,Monitor
C53666,Monitor
C54296,Monitor
C55016,Monitor
C55526,Monitor
C56396,Monitor
C56816,Monitor
C57836,Monitor
C58376,Monitor
C59096,Monitor
C59636,Monitor
C59966,Monitor
C60386,Monitor
C60506,Monitor
C61256,Monitor
C62186,Monitor
C63356,Monitor
C63476,Monitor
C63836,Monitor
C64496,Monitor
C69236,Monitor
C70826,Monitor
C73256,Monitor
C73376,Monitor
C74186,Monitor
C74936,Monitor
C76466,Monitor
C76616,Monitor
C77036,Monitor
C7886,Monitor
C79316,Monitor
C79956,Monitor
C8096,Monitor
C84356,Monitor
C85796,Monitor
C87656,Monitor
C8876,Monitor
C91916,Monitor
C92336,Monitor
C95486,Monitor
C95696,Monitor
C9596,Monitor
C96236,Monitor
C99986,Monitor
C100827,Monitor
C102267,Monitor
C102507,Monitor
C103107,Monitor
C103167,Monitor
C103377,Monitor
C104787,Monitor
C106557,Monitor
C106737,Monitor
C108177,Monitor
C108657,Monitor
C109767,Monitor
C110667,Monitor
C110697,Monitor
C111267,Monitor
C111327,Monitor
C11277,Monitor
C112737,Monitor
C112797,Monitor
C11367,Monitor
C114087,Monitor
C114177,Monitor
C114537,Monitor
C114567,Monitor
C115317,Monitor
C115527,Monitor
C115857,Monitor
C116337,Monitor
C116607,Monitor
C119967,Monitor
C120267,Monitor
C120567,Monitor
C120717,Monitor
C121407,Monitor
C123087,Monitor
C12627,Monitor
C14877,Monitor
C16137,Monitor
C16977,Monitor
C1707,Monitor
C17847,Monitor
C18957,Monitor
C19677,Monitor
C19827,Monitor
C20037,Monitor
C21777,Monitor
C25437,Monitor
C27387,Monitor
C27527,Monitor
C27567,Monitor
C3057,Monitor
C30537,Monitor
C31077,Monitor
C31437,Monitor
C31617,Monitor
C32037,Monitor
C33447,Monitor
C35427,Monitor
C36597,Monitor
C37887,Monitor
C38397,Monitor
C38847,Monitor
C38877,Monitor
C3987,Monitor
C40107,Monitor
C41247,Monitor
C41817,Monitor
C41967,Monitor
C42507,Monitor
C42687,Monitor
C43347,Monitor
C44187,Monitor
C46197,Monitor
C4677,Monitor
C46947,Monitor
C47067,Monitor
C47277,Monitor
C47877,Monitor
C48297,Monitor
C48357,Monitor
C49017,Monitor
C51537,Monitor
C52527,Monitor
C5277,Monitor
C53007,Monitor
C53037,Monitor
C53547,Monitor
C53667,Monitor
C54297,Monitor
C55017,Monitor
C55527,Monitor
C56397,Monitor
C56817,Monitor
C57837,Monitor
C58377,Monitor
C59097,Monitor
C59637,Monitor
C59967,Monitor
C60387,Monitor
C60507,Monitor
C61257,Monitor
C62187,Monitor
C63357,Monitor
C63477,Monitor
C63837,Monitor
C64497,Monitor
C69237,Monitor
C70827,Monitor
C73257,Monitor
C73377,Monitor
C74187,Monitor
C74937,Monitor
C76467,Monitor
C76617,Monitor
C77037,Monitor
C7887,Monitor
C79317,Monitor
C79957,Monitor
C8097,Monitor
C84357,Monitor
C85797,Monitor
C87657,Monitor
C8877,Monitor
C91917,Monitor
C92337,Monitor
C95487,Monitor
C95697,Monitor
C9597,Monitor
C96237,Monitor
C99987,Monitor
C100828,Monitor
C102268,Monitor
C102508,Monitor
C103108,Monitor
C103168,Monitor
C103378,Monitor
C104788,Monitor
C106558,Monitor
C106738,Monitor
C108178,Monitor
C108658,Monitor
C109768,Monitor
C110668,Monitor
C110698,Monitor
C111268,Monitor
C111328,Monitor
C11278,Monitor
C112738,Monitor
C112798,Monitor
C11368,Monitor
C114088,Monitor
C114178,Monitor
C114538,Monitor
C114568,Monitor
C115318,Monitor
C115528,Monitor
C115858,Monitor
C116338,Monitor
C116608,Monitor
C119968,Monitor
C120268,Monitor
C120568,Monitor
C120718,Monitor
C121408,Monitor
C123088,Monitor
C12628,Monitor
C14878,Monitor
C16138,Monitor
C16978,Monitor
C1708,Monitor
C17848,Monitor
C18958,Monitor
C19678,Monitor
C19828,Monitor
C20038,Monitor
C21778,Monitor
C25438,Monitor
C27388,Monitor
C27528,Monitor
C27568,Monitor
C3058,Monitor
C30538,Monitor
C31078,Monitor
C31438,Monitor
C31618,Monitor
C32038,Monitor
C33448,Monitor
C35428,Monitor
C36598,Monitor
C37888,Monitor
C38398,Monitor
C38848,Monitor
C38878,Monitor
C3988,Monitor
C40108,Monitor
C41248,Monitor
C41818,Monitor
C41968,Monitor
C42508,Monitor
C42688,Monitor
C43348,Monitor
C44188,Monitor
C46198,Monitor
C4678,Monitor
C46948,Monitor
C47068,Monitor
C47278,Monitor
C47878,Monitor
C48298,Monitor
C48358,Monitor
C49018,Monitor
C51538,Monitor
C52528,Monitor
C5278,Monitor
C53008,Monitor
C53038,Monitor
C53548,Monitor
C53668,Monitor
C54298,Monitor
C55018,Monitor
C55528,Monitor
C56398,Monitor
C56818,Monitor
C57838,Monitor
C58378,Monitor
C59098,Monitor
C59638,Monitor
C59968,Monitor
C60388,Monitor
C60508,Monitor
C61258,Monitor
C62188,Monitor
C63358,Monitor
C63478,Monitor
C63838,Monitor
C64498,Monitor
C69238,Monitor
C70828,Monitor
C73258,Monitor
C73378,Monitor
C74188,Monitor
C74938,Monitor
C76468,Monitor
C76618,Monitor
C77038,Monitor
C7888,Monitor
C79318,Monitor
C79958,Monitor
C8098,Monitor
C84358,Monitor
C85798,Monitor
C87658,Monitor
C8878,Monitor
C91918,Monitor
C92338,Monitor
C95488,Monitor
C95698,Monitor
C9598,Monitor
C96238,Monitor
C99988,Monitor
C100829,Monitor
C102269,Monitor
C102509,Monitor
C103109,Monitor
C103169,Monitor
C103379,Monitor
C104789,Monitor
C106559,Monitor
C106739,Monitor
C108179,Monitor
C108659,Monitor
C109769,Monitor
C110669,Monitor
C110699,Monitor
C111269,Monitor
C111329,Monitor
C11279,Monitor
C112739,Monitor
C112799,Monitor
C11369,Monitor
C114089,Monitor
C114179,Monitor
C114539,Monitor
C114569,Monitor
C115319,Monitor
C115529,Monitor
C115859,Monitor
C116339,Monitor
C116609,Monitor
C119969,Monitor
C120269,Monitor
C120569,Monitor
C120719,Monitor
C121409,Monitor
C123089,Monitor
C12629,Monitor
C14879,Monitor
C16139,Monitor
C16979,Monitor
C1709,Monitor
C17849,Monitor
C18959,Monitor
C19679,Monitor
C19829,Monitor
C20039,Monitor
C21779,Monitor
C25439,Monitor
C27389,Monitor
C27529,Monitor
C27569,Monitor
C3059,Monitor
C30539,Monitor
C31079,Monitor
C31439,Monitor
C31619,Monitor
C32039,Monitor
C33449,Monitor
C35429,Monitor
C36599,Monitor
C37889,Monitor
C38399,Monitor
C38849,Monitor
C38879,Monitor
C3989,Monitor
C40109,Monitor
C41249,Monitor
C41819,Monitor
C41969,Monitor
C42509,Monitor
C42689,Monitor
C43349,Monitor
C44189,Monitor
C46199,Monitor
C4679,Monitor
C46949,Monitor
C47069,Monitor
C47279,Monitor
C47879,Monitor
C48299,Monitor
C48359,Monitor
C49019,Monitor
C51539,Monitor
C52529,Monitor
C5279,Monitor
C53009,Monitor
C53039,Monitor
C53549,Monitor
C53669,Monitor
C54299,Monitor
C55019,Monitor
C55529,Monitor
C56399,Monitor
C56819,Monitor
C57839,Monitor
C58379,Monitor
C59099,Monitor
C59639,Monitor
C59969,Monitor
C60389,Monitor
C60509,Monitor
C61259,Monitor
C62189,Monitor
C63359,Monitor
C63479,Monitor
C63839,Monitor
C64499,Monitor
C69239,Monitor
C70829,Monitor
C73259,Monitor
C73379,Monitor
C74189,Monitor
C74939,Monitor
C76469,Monitor
C76619,Monitor
C77039,Monitor
C7889,Monitor
C79319,Monitor
C79959,Monitor
C8099,Monitor
C84359,Monitor
C85799,Monitor
C87659,Monitor
C8879,Monitor
C91919,Monitor
C92339,Monitor
C95489,Monitor
C95699,Monitor
C9599,Monitor
C96239,Monitor
C99989,Monitor
C100820,Monitor
C102260,Monitor
C102500,Monitor
C103100,Monitor
C103160,Monitor
C103370,Monitor
C104780,Monitor
C106550,Monitor
C106730,Monitor
C108170,Monitor
C108650,Monitor
C109760,Monitor
C110660,Monitor
C110690,Monitor
C111260,Monitor
C111320,Monitor
C11270,Monitor
C112730,Monitor
C112790,Monitor
C11360,Monitor
C114080,Monitor
C114170,Monitor
C114530,Monitor
C114560,Monitor
C115310,Monitor
C115520,Monitor
C115850,Monitor
C116330,Monitor
C116600,Monitor
C119960,Monitor
C120260,Monitor
C120560,Monitor
C120710,Monitor
C121400,Monitor
C123080,Monitor
C12620,Monitor
C14870,Monitor
C16130,Monitor
C16970,Monitor
C1700,Monitor
C17840,Monitor
C18950,Monitor
C19670,Monitor
C19820,Monitor
C20030,Monitor
C21770,Monitor
C25430,Monitor
C27380,Monitor
C27520,Monitor
C27560,Monitor
C3050,Monitor
C30530,Monitor
C31070,Monitor
C31430,Monitor
C31610,Monitor
C32030,Monitor
C33440,Monitor
C35420,Monitor
C36590,Monitor
C37880,Monitor
C38390,Monitor
C38840,Monitor
C38870,Monitor
C3980,Monitor
C40100,Monitor
C41240,Monitor
C41810,Monitor
C41960,Monitor
C42500,Monitor
C42680,Monitor
C43340,Monitor
C44180,Monitor
C46190,Monitor
C4670,Monitor
C46940,Monitor
C47060,Monitor
C47270,Monitor
C47870,Monitor
C48290,Monitor
C48350,Monitor
C49010,Monitor
C51530,Monitor
C52520,Monitor
C5270,Monitor
C53000,Monitor
C53030,Monitor
C53540,Monitor
C53660,Monitor
C54290,Monitor
C55010,Monitor
C55520,Monitor
C56390,Monitor
C56810,Monitor
C57830,Monitor
C58370,Monitor
C59090,Monitor
C59630,Monitor
C59960,Monitor
C60380,Monitor
C60500,Monitor
C61250,Monitor
C62180,Monitor
C63350,Monitor
C63470,Monitor
C63830,Monitor
C64490,Monitor
C69230,Monitor
C70820,Monitor
C73250,Monitor
C73370,Monitor
C74180,Monitor
C74930,Monitor
C76460,Monitor
C76610,Monitor
C77030,Monitor
C7880,Monitor
C79310,Monitor
C79950,Monitor
C8090,Monitor
C84350,Monitor
C85790,Monitor
C87650,Monitor
C8870,Monitor
C91910,Monitor
C92330,Monitor
C95480,Monitor
C95690,Monitor
C9590,Monitor
C96230,Monitor
C99980,Monitor
