C10091,External Peripherals
C1013,External Peripherals
C10133,External Peripherals
C10250,External Peripherals
C10316,External Peripherals
C10478,External Peripherals
C10694,External Peripherals
C10799,External Peripherals
C10817,External Peripherals
C10976,External Peripherals
C11132,External Peripherals
C11150,External Peripherals
C11276,External Peripherals
C11408,External Peripherals
C11417,External Peripherals
C11471,External Peripherals
C11558,External Peripherals
C11720,External Peripherals
C11750,External Peripherals
C11777,External Peripherals
C11816,External Peripherals
C119,External Peripherals
C12056,External Peripherals
C12146,External Peripherals
C12308,External Peripherals
C12377,External Peripherals
C128,External Peripherals
C170,External Peripherals
C1718,External Peripherals
C1784,External Peripherals
C1982,External Peripherals
C2177,External Peripherals
C2189,External Peripherals
C221,External Peripherals
C2252,External Peripherals
C2300,External Peripherals
C2543,External Peripherals
C2648,External Peripherals
C2750,External Peripherals
C2752,External Peripherals
C290,External Peripherals
C2927,External Peripherals
C3044,External Peripherals
C305,External Peripherals
C3098,External Peripherals
C3107,External Peripherals
C3143,External Peripherals
C3161,External Peripherals
C3203,External Peripherals
C3548,External Peripherals
C3584,External Peripherals
C3602,External Peripherals
C3659,External Peripherals
C3776,External Peripherals
C3878,External Peripherals
C3884,External Peripherals
C3887,External Peripherals
C398,External Peripherals
C4268,External Peripherals
C4397,External Peripherals
C4478,External Peripherals
C4646,External Peripherals
C467,External Peripherals
C4727,External Peripherals
C4787,External Peripherals
C4829,External Peripherals
C4835,External Peripherals
C4901,External Peripherals
C5021,External Peripherals
C5228,External Peripherals
C5252,External Peripherals
C527,External Peripherals
C5300,External Peripherals
C5303,External Peripherals
C5471,External Peripherals
C5501,External Peripherals
C5552,External Peripherals
C5606,External Peripherals
C5639,External Peripherals
C5642,External Peripherals
C5681,External Peripherals
C5888,External Peripherals
C6050,External Peripherals
C6119,External Peripherals
C6182,External Peripherals
C6188,External Peripherals
C6335,External Peripherals
C6347,External Peripherals
C6383,External Peripherals
C6572,External Peripherals
C6593,External Peripherals
C6638,External Peripherals
C6737,External Peripherals
C6923,External Peripherals
C7058,External Peripherals
C7097,External Peripherals
C722,External Peripherals
C7337,External Peripherals
C7340,External Peripherals
C7457,External Peripherals
C7493,External Peripherals
C7523,External Peripherals
C7534,External Peripherals
C7538,External Peripherals
C7646,External Peripherals
C7703,External Peripherals
C7724,External Peripherals
C788,External Peripherals
C7982,External Peripherals
C7995,External Peripherals
C8063,External Peripherals
C809,External Peripherals
C9182,External Peripherals
C9233,External Peripherals
C9551,External Peripherals
C9569,External Peripherals
C959,External Peripherals
C9725,External Peripherals
C9797,External Peripherals
C9998,External Peripherals
C100911,External Peripherals
C10131,External Peripherals
C101331,External Peripherals
C102501,External Peripherals
C103161,External Peripherals
C104781,External Peripherals
C106941,External Peripherals
C107991,External Peripherals
C108171,External Peripherals
C109761,External Peripherals
C111321,External Peripherals
C111501,External Peripherals
C112761,External Peripherals
C114081,External Peripherals
C114171,External Peripherals
C114711,External Peripherals
C115581,External Peripherals
C117201,External Peripherals
C117501,External Peripherals
C117771,External Peripherals
C118161,External Peripherals
C1191,External Peripherals
C120561,External Peripherals
C121461,External Peripherals
C123081,External Peripherals
C123771,External Peripherals
C1281,External Peripherals
C1701,External Peripherals
C17181,External Peripherals
C17841,External Peripherals
C19821,External Peripherals
C21771,External Peripherals
C21891,External Peripherals
C2211,External Peripherals
C22521,External Peripherals
C23001,External Peripherals
C25431,External Peripherals
C26481,External Peripherals
C27501,External Peripherals
C27521,External Peripherals
C2901,External Peripherals
C29271,External Peripherals
C30441,External Peripherals
C3051,External Peripherals
C30981,External Peripherals
C31071,External Peripherals
C31431,External Peripherals
C31611,External Peripherals
C32031,External Peripherals
C35481,External Peripherals
C35841,External Peripherals
C36021,External Peripherals
C36591,External Peripherals
C37761,External Peripherals
C38781,External Peripherals
C38841,External Peripherals
C38871,External Peripherals
C3981,External Peripherals
C42681,External Peripherals
C43971,External Peripherals
C44781,External Peripherals
C46461,External Peripherals
C4671,External Peripherals
C47271,External Peripherals
C47871,External Peripherals
C48291,External Peripherals
C48351,External Peripherals
C49011,External Peripherals
C50211,External Peripherals
C52281,External Peripherals
C52521,External Peripherals
C5271,External Peripherals
C53001,External Peripherals
C53031,External Peripherals
C54711,External Peripherals
C55011,External Peripherals
C55521,External Peripherals
C56061,External Peripherals
C56391,External Peripherals
C56421,External Peripherals
C56811,External Peripherals
C58881,External Peripherals
C60501,External Peripherals
C61191,External Peripherals
C61821,External Peripherals
C61881,External Peripherals
C63351,External Peripherals
C63471,External Peripherals
C63831,External Peripherals
C65721,External Peripherals
C65931,External Peripherals
C66381,External Peripherals
C67371,External Peripherals
C69231,External Peripherals
C70581,External Peripherals
C70971,External Peripherals
C7221,External Peripherals
C73371,External Peripherals
C73401,External Peripherals
C74571,External Peripherals
C74931,External Peripherals
C75231,External Peripherals
C75341,External Peripherals
C75381,External Peripherals
C76461,External Peripherals
C77031,External Peripherals
C77241,External Peripherals
C7881,External Peripherals
C79821,External Peripherals
C79951,External Peripherals
C80631,External Peripherals
C8091,External Peripherals
C91821,External Peripherals
C92331,External Peripherals
C95511,External Peripherals
C95691,External Peripherals
C9591,External Peripherals
C97251,External Peripherals
C97971,External Peripherals
C99981,External Peripherals
C100912,External Peripherals
C10132,External Peripherals
C101332,External Peripherals
C102502,External Peripherals
C103162,External Peripherals
C104782,External Peripherals
C106942,External Peripherals
C107992,External Peripherals
C108172,External Peripherals
C109762,External Peripherals
C111322,External Peripherals
C111502,External Peripherals
C112762,External Peripherals
C114082,External Peripherals
C114172,External Peripherals
C114712,External Peripherals
C115582,External Peripherals
C117202,External Peripherals
C117502,External Peripherals
C117772,External Peripherals
C118162,External Peripherals
C1192,External Peripherals
C120562,External Peripherals
C121462,External Peripherals
C123082,External Peripherals
C123772,External Peripherals
C1282,External Peripherals
C1702,External Peripherals
C17182,External Peripherals
C17842,External Peripherals
C19822,External Peripherals
C21772,External Peripherals
C21892,External Peripherals
C2212,External Peripherals
C22522,External Peripherals
C23002,External Peripherals
C25432,External Peripherals
C26482,External Peripherals
C27502,External Peripherals
C27522,External Peripherals
C2902,External Peripherals
C29272,External Peripherals
C30442,External Peripherals
C3052,External Peripherals
C30982,External Peripherals
C31072,External Peripherals
C31432,External Peripherals
C31612,External Peripherals
C32032,External Peripherals
C35482,External Peripherals
C35842,External Peripherals
C36022,External Peripherals
C36592,External Peripherals
C37762,External Peripherals
C38782,External Peripherals
C38842,External Peripherals
C38872,External Peripherals
C3982,External Peripherals
C42682,External Peripherals
C43972,External Peripherals
C44782,External Peripherals
C46462,External Peripherals
C4672,External Peripherals
C47272,External Peripherals
C47872,External Peripherals
C48292,External Peripherals
C48352,External Peripherals
C49012,External Peripherals
C50212,External Peripherals
C52282,External Peripherals
C52522,External Peripherals
C5272,External Peripherals
C53002,External Peripherals
C53032,External Peripherals
C54712,External Peripherals
C55012,External Peripherals
C55522,External Peripherals
C56062,External Peripherals
C56392,External Peripherals
C56422,External Peripherals
C56812,External Peripherals
C58882,External Peripherals
C60502,External Peripherals
C61192,External Peripherals
C61822,External Peripherals
C61882,External Peripherals
C63352,External Peripherals
C63472,External Peripherals
C63832,External Peripherals
C65722,External Peripherals
C65932,External Peripherals
C66382,External Peripherals
C67372,External Peripherals
C69232,External Peripherals
C70582,External Peripherals
C70972,External Peripherals
C7222,External Peripherals
C73372,External Peripherals
C73402,External Peripherals
C74572,External Peripherals
C74932,External Peripherals
C75232,External Peripherals
C75342,External Peripherals
C75382,External Peripherals
C76462,External Peripherals
C77032,External Peripherals
C77242,External Peripherals
C7882,External Peripherals
C79822,External Peripherals
C79952,External Peripherals
C80632,External Peripherals
C8092,External Peripherals
C91822,External Peripherals
C92332,External Peripherals
C95512,External Peripherals
C95692,External Peripherals
C9592,External Peripherals
C97252,External Peripherals
C97972,External Peripherals
C99982,External Peripherals
C100913,External Peripherals
C10133,External Peripherals
C101333,External Peripherals
C102503,External Peripherals
C103163,External Peripherals
C104783,External Peripherals
C106943,External Peripherals
C107993,External Peripherals
C108173,External Peripherals
C109763,External Peripherals
C111323,External Peripherals
C111503,External Peripherals
C112763,External Peripherals
C114083,External Peripherals
C114173,External Peripherals
C114713,External Peripherals
C115583,External Peripherals
C117203,External Peripherals
C117503,External Peripherals
C117773,External Peripherals
C118163,External Peripherals
C1193,External Peripherals
C120563,External Peripherals
C121463,External Peripherals
C123083,External Peripherals
C123773,External Peripherals
C1283,External Peripherals
C1703,External Peripherals
C17183,External Peripherals
C17843,External Peripherals
C19823,External Peripherals
C21773,External Peripherals
C21893,External Peripherals
C2213,External Peripherals
C22523,External Peripherals
C23003,External Peripherals
C25433,External Peripherals
C26483,External Peripherals
C27503,External Peripherals
C27523,External Peripherals
C2903,External Peripherals
C29273,External Peripherals
C30443,External Peripherals
C3053,External Peripherals
C30983,External Peripherals
C31073,External Peripherals
C31433,External Peripherals
C31613,External Peripherals
C32033,External Peripherals
C35483,External Peripherals
C35843,External Peripherals
C36023,External Peripherals
C36593,External Peripherals
C37763,External Peripherals
C38783,External Peripherals
C38843,External Peripherals
C38873,External Peripherals
C3983,External Peripherals
C42683,External Peripherals
C43973,External Peripherals
C44783,External Peripherals
C46463,External Peripherals
C4673,External Peripherals
C47273,External Peripherals
C47873,External Peripherals
C48293,External Peripherals
C48353,External Peripherals
C49013,External Peripherals
C50213,External Peripherals
C52283,External Peripherals
C52523,External Peripherals
C5273,External Peripherals
C53003,External Peripherals
C53033,External Peripherals
C54713,External Peripherals
C55013,External Peripherals
C55523,External Peripherals
C56063,External Peripherals
C56393,External Peripherals
C56423,External Peripherals
C56813,External Peripherals
C58883,External Peripherals
C60503,External Peripherals
C61193,External Peripherals
C61823,External Peripherals
C61883,External Peripherals
C63353,External Peripherals
C63473,External Peripherals
C63833,External Peripherals
C65723,External Peripherals
C65933,External Peripherals
C66383,External Peripherals
C67373,External Peripherals
C69233,External Peripherals
C70583,External Peripherals
C70973,External Peripherals
C7223,External Peripherals
C73373,External Peripherals
C73403,External Peripherals
C74573,External Peripherals
C74933,External Peripherals
C75233,External Peripherals
C75343,External Peripherals
C75383,External Peripherals
C76463,External Peripherals
C77033,External Peripherals
C77243,External Peripherals
C7883,External Peripherals
C79823,External Peripherals
C79953,External Peripherals
C80633,External Peripherals
C8093,External Peripherals
C91823,External Peripherals
C92333,External Peripherals
C95513,External Peripherals
C95693,External Peripherals
C9593,External Peripherals
C97253,External Peripherals
C97973,External Peripherals
C99983,External Peripherals
C100914,External Peripherals
C10134,External Peripherals
C101334,External Peripherals
C102504,External Peripherals
C103164,External Peripherals
C104784,External Peripherals
C106944,External Peripherals
C107994,External Peripherals
C108174,External Peripherals
C109764,External Peripherals
C111324,External Peripherals
C111504,External Peripherals
C112764,External Peripherals
C114084,External Peripherals
C114174,External Peripherals
C114714,External Peripherals
C115584,External Peripherals
C117204,External Peripherals
C117504,External Peripherals
C117774,External Peripherals
C118164,External Peripherals
C1194,External Peripherals
C120564,External Peripherals
C121464,External Peripherals
C123084,External Peripherals
C123774,External Peripherals
C1284,External Peripherals
C1704,External Peripherals
C17184,External Peripherals
C17844,External Peripherals
C19824,External Peripherals
C21774,External Peripherals
C21894,External Peripherals
C2214,External Peripherals
C22524,External Peripherals
C23004,External Peripherals
C25434,External Peripherals
C26484,External Peripherals
C27504,External Peripherals
C27524,External Peripherals
C2904,External Peripherals
C29274,External Peripherals
C30444,External Peripherals
C3054,External Peripherals
C30984,External Peripherals
C31074,External Peripherals
C31434,External Peripherals
C31614,External Peripherals
C32034,External Peripherals
C35484,External Peripherals
C35844,External Peripherals
C36024,External Peripherals
C36594,External Peripherals
C37764,External Peripherals
C38784,External Peripherals
C38844,External Peripherals
C38874,External Peripherals
C3984,External Peripherals
C42684,External Peripherals
C43974,External Peripherals
C44784,External Peripherals
C46464,External Peripherals
C4674,External Peripherals
C47274,External Peripherals
C47874,External Peripherals
C48294,External Peripherals
C48354,External Peripherals
C49014,External Peripherals
C50214,External Peripherals
C52284,External Peripherals
C52524,External Peripherals
C5274,External Peripherals
C53004,External Peripherals
C53034,External Peripherals
C54714,External Peripherals
C55014,External Peripherals
C55524,External Peripherals
C56064,External Peripherals
C56394,External Peripherals
C56424,External Peripherals
C56814,External Peripherals
C58884,External Peripherals
C60504,External Peripherals
C61194,External Peripherals
C61824,External Peripherals
C61884,External Peripherals
C63354,External Peripherals
C63474,External Peripherals
C63834,External Peripherals
C65724,External Peripherals
C65934,External Peripherals
C66384,External Peripherals
C67374,External Peripherals
C69234,External Peripherals
C70584,External Peripherals
C70974,External Peripherals
C7224,External Peripherals
C73374,External Peripherals
C73404,External Peripherals
C74574,External Peripherals
C74934,External Peripherals
C75234,External Peripherals
C75344,External Peripherals
C75384,External Peripherals
C76464,External Peripherals
C77034,External Peripherals
C77244,External Peripherals
C7884,External Peripherals
C79824,External Peripherals
C79954,External Peripherals
C80634,External Peripherals
C8094,External Peripherals
C91824,External Peripherals
C92334,External Peripherals
C95514,External Peripherals
C95694,External Peripherals
C9594,External Peripherals
C97254,External Peripherals
C97974,External Peripherals
C99984,External Peripherals
C100915,External Peripherals
C10135,External Peripherals
C101335,External Peripherals
C102505,External Peripherals
C103165,External Peripherals
C104785,External Peripherals
C106945,External Peripherals
C107995,External Peripherals
C108175,External Peripherals
C109765,External Peripherals
C111325,External Peripherals
C111505,External Peripherals
C112765,External Peripherals
C114085,External Peripherals
C114175,External Peripherals
C114715,External Peripherals
C115585,External Peripherals
C117205,External Peripherals
C117505,External Peripherals
C117775,External Peripherals
C118165,External Peripherals
C1195,External Peripherals
C120565,External Peripherals
C121465,External Peripherals
C123085,External Peripherals
C123775,External Peripherals
C1285,External Peripherals
C1705,External Peripherals
C17185,External Peripherals
C17845,External Peripherals
C19825,External Peripherals
C21775,External Peripherals
C21895,External Peripherals
C2215,External Peripherals
C22525,External Peripherals
C23005,External Peripherals
C25435,External Peripherals
C26485,External Peripherals
C27505,External Peripherals
C27525,External Peripherals
C2905,External Peripherals
C29275,External Peripherals
C30445,External Peripherals
C3055,External Peripherals
C30985,External Peripherals
C31075,External Peripherals
C31435,External Peripherals
C31615,External Peripherals
C32035,External Peripherals
C35485,External Peripherals
C35845,External Peripherals
C36025,External Peripherals
C36595,External Peripherals
C37765,External Peripherals
C38785,External Peripherals
C38845,External Peripherals
C38875,External Peripherals
C3985,External Peripherals
C42685,External Peripherals
C43975,External Peripherals
C44785,External Peripherals
C46465,External Peripherals
C4675,External Peripherals
C47275,External Peripherals
C47875,External Peripherals
C48295,External Peripherals
C48355,External Peripherals
C49015,External Peripherals
C50215,External Peripherals
C52285,External Peripherals
C52525,External Peripherals
C5275,External Peripherals
C53005,External Peripherals
C53035,External Peripherals
C54715,External Peripherals
C55015,External Peripherals
C55525,External Peripherals
C56065,External Peripherals
C56395,External Peripherals
C56425,External Peripherals
C56815,External Peripherals
C58885,External Peripherals
C60505,External Peripherals
C61195,External Peripherals
C61825,External Peripherals
C61885,External Peripherals
C63355,External Peripherals
C63475,External Peripherals
C63835,External Peripherals
C65725,External Peripherals
C65935,External Peripherals
C66385,External Peripherals
C67375,External Peripherals
C69235,External Peripherals
C70585,External Peripherals
C70975,External Peripherals
C7225,External Peripherals
C73375,External Peripherals
C73405,External Peripherals
C74575,External Peripherals
C74935,External Peripherals
C75235,External Peripherals
C75345,External Peripherals
C75385,External Peripherals
C76465,External Peripherals
C77035,External Peripherals
C77245,External Peripherals
C7885,External Peripherals
C79825,External Peripherals
C79955,External Peripherals
C80635,External Peripherals
C8095,External Peripherals
C91825,External Peripherals
C92335,External Peripherals
C95515,External Peripherals
C95695,External Peripherals
C9595,External Peripherals
C97255,External Peripherals
C97975,External Peripherals
C99985,External Peripherals
C100916,External Peripherals
C10136,External Peripherals
C101336,External Peripherals
C102506,External Peripherals
C103166,External Peripherals
C104786,External Peripherals
C106946,External Peripherals
C107996,External Peripherals
C108176,External Peripherals
C109766,External Peripherals
C111326,External Peripherals
C111506,External Peripherals
C112766,External Peripherals
C114086,External Peripherals
C114176,External Peripherals
C114716,External Peripherals
C115586,External Peripherals
C117206,External Peripherals
C117506,External Peripherals
C117776,External Peripherals
C118166,External Peripherals
C1196,External Peripherals
C120566,External Peripherals
C121466,External Peripherals
C123086,External Peripherals
C123776,External Peripherals
C1286,External Peripherals
C1706,External Peripherals
C17186,External Peripherals
C17846,External Peripherals
C19826,External Peripherals
C21776,External Peripherals
C21896,External Peripherals
C2216,External Peripherals
C22526,External Peripherals
C23006,External Peripherals
C25436,External Peripherals
C26486,External Peripherals
C27506,External Peripherals
C27526,External Peripherals
C2906,External Peripherals
C29276,External Peripherals
C30446,External Peripherals
C3056,External Peripherals
C30986,External Peripherals
C31076,External Peripherals
C31436,External Peripherals
C31616,External Peripherals
C32036,External Peripherals
C35486,External Peripherals
C35846,External Peripherals
C36026,External Peripherals
C36596,External Peripherals
C37766,External Peripherals
C38786,External Peripherals
C38846,External Peripherals
C38876,External Peripherals
C3986,External Peripherals
C42686,External Peripherals
C43976,External Peripherals
C44786,External Peripherals
C46466,External Peripherals
C4676,External Peripherals
C47276,External Peripherals
C47876,External Peripherals
C48296,External Peripherals
C48356,External Peripherals
C49016,External Peripherals
C50216,External Peripherals
C52286,External Peripherals
C52526,External Peripherals
C5276,External Peripherals
C53006,External Peripherals
C53036,External Peripherals
C54716,External Peripherals
C55016,External Peripherals
C55526,External Peripherals
C56066,External Peripherals
C56396,External Peripherals
C56426,External Peripherals
C56816,External Peripherals
C58886,External Peripherals
C60506,External Peripherals
C61196,External Peripherals
C61826,External Peripherals
C61886,External Peripherals
C63356,External Peripherals
C63476,External Peripherals
C63836,External Peripherals
C65726,External Peripherals
C65936,External Peripherals
C66386,External Peripherals
C67376,External Peripherals
C69236,External Peripherals
C70586,External Peripherals
C70976,External Peripherals
C7226,External Peripherals
C73376,External Peripherals
C73406,External Peripherals
C74576,External Peripherals
C74936,External Peripherals
C75236,External Peripherals
C75346,External Peripherals
C75386,External Peripherals
C76466,External Peripherals
C77036,External Peripherals
C77246,External Peripherals
C7886,External Peripherals
C79826,External Peripherals
C79956,External Peripherals
C80636,External Peripherals
C8096,External Peripherals
C91826,External Peripherals
C92336,External Peripherals
C95516,External Peripherals
C95696,External Peripherals
C9596,External Peripherals
C97256,External Peripherals
C97976,External Peripherals
C99986,External Peripherals
C100917,External Peripherals
C10137,External Peripherals
C101337,External Peripherals
C102507,External Peripherals
C103167,External Peripherals
C104787,External Peripherals
C106947,External Peripherals
C107997,External Peripherals
C108177,External Peripherals
C109767,External Peripherals
C111327,External Peripherals
C111507,External Peripherals
C112767,External Peripherals
C114087,External Peripherals
C114177,External Peripherals
C114717,External Peripherals
C115587,External Peripherals
C117207,External Peripherals
C117507,External Peripherals
C117777,External Peripherals
C118167,External Peripherals
C1197,External Peripherals
C120567,External Peripherals
C121467,External Peripherals
C123087,External Peripherals
C123777,External Peripherals
C1287,External Peripherals
C1707,External Peripherals
C17187,External Peripherals
C17847,External Peripherals
C19827,External Peripherals
C21777,External Peripherals
C21897,External Peripherals
C2217,External Peripherals
C22527,External Peripherals
C23007,External Peripherals
C25437,External Peripherals
C26487,External Peripherals
C27507,External Peripherals
C27527,External Peripherals
C2907,External Peripherals
C29277,External Peripherals
C30447,External Peripherals
C3057,External Peripherals
C30987,External Peripherals
C31077,External Peripherals
C31437,External Peripherals
C31617,External Peripherals
C32037,External Peripherals
C35487,External Peripherals
C35847,External Peripherals
C36027,External Peripherals
C36597,External Peripherals
C37767,External Peripherals
C38787,External Peripherals
C38847,External Peripherals
C38877,External Peripherals
C3987,External Peripherals
C42687,External Peripherals
C43977,External Peripherals
C44787,External Peripherals
C4677,External Peripherals
C47277,External Peripherals
C47877,External Peripherals
C48297,External Peripherals
C48357,External Peripherals
C49017,External Peripherals
C50217,External Peripherals
C52287,External Peripherals
C52527,External Peripherals
C5277,External Peripherals
C53007,External Peripherals
C53037,External Peripherals
C54717,External Peripherals
C55017,External Peripherals
C55527,External Peripherals
C56067,External Peripherals
C56397,External Peripherals
C56427,External Peripherals
C56817,External Peripherals
C58887,External Peripherals
C60507,External Peripherals
C61197,External Peripherals
C61827,External Peripherals
C61887,External Peripherals
C63357,External Peripherals
C63477,External Peripherals
C63837,External Peripherals
C65727,External Peripherals
C65937,External Peripherals
C66387,External Peripherals
C67377,External Peripherals
C69237,External Peripherals
C70587,External Peripherals
C70977,External Peripherals
C7227,External Peripherals
C73377,External Peripherals
C73407,External Peripherals
C74577,External Peripherals
C74937,External Peripherals
C75237,External Peripherals
C75347,External Peripherals
C75387,External Peripherals
C76467,External Peripherals
C77037,External Peripherals
C77247,External Peripherals
C7887,External Peripherals
C79827,External Peripherals
C79957,External Peripherals
C80637,External Peripherals
C8097,External Peripherals
C91827,External Peripherals
C92337,External Peripherals
C95517,External Peripherals
C95697,External Peripherals
C9597,External Peripherals
C97257,External Peripherals
C97977,External Peripherals
C99987,External Peripherals
C100918,External Peripherals
C10138,External Peripherals
C101338,External Peripherals
C102508,External Peripherals
C103168,External Peripherals
C104788,External Peripherals
C106948,External Peripherals
C107998,External Peripherals
C108178,External Peripherals
C109768,External Peripherals
C111328,External Peripherals
C111508,External Peripherals
C112768,External Peripherals
C114088,External Peripherals
C114178,External Peripherals
C114718,External Peripherals
C115588,External Peripherals
C117208,External Peripherals
C117508,External Peripherals
C117778,External Peripherals
C118168,External Peripherals
C1198,External Peripherals
C120568,External Peripherals
C121468,External Peripherals
C123088,External Peripherals
C123778,External Peripherals
C1288,External Peripherals
C1708,External Peripherals
C17188,External Peripherals
C17848,External Peripherals
C19828,External Peripherals
C21778,External Peripherals
C21898,External Peripherals
C2218,External Peripherals
C22528,External Peripherals
C23008,External Peripherals
C25438,External Peripherals
C26488,External Peripherals
C27508,External Peripherals
C27528,External Peripherals
C2908,External Peripherals
C29278,External Peripherals
C30448,External Peripherals
C3058,External Peripherals
C30988,External Peripherals
C31078,External Peripherals
C31438,External Peripherals
C31618,External Peripherals
C32038,External Peripherals
C35488,External Peripherals
C35848,External Peripherals
C36028,External Peripherals
C36598,External Peripherals
C37768,External Peripherals
C38788,External Peripherals
C38848,External Peripherals
C38878,External Peripherals
C3988,External Peripherals
C42688,External Peripherals
C43978,External Peripherals
C44788,External Peripherals
C46468,External Peripherals
C4678,External Peripherals
C47278,External Peripherals
C47878,External Peripherals
C48298,External Peripherals
C48358,External Peripherals
C49018,External Peripherals
C50218,External Peripherals
C52288,External Peripherals
C52528,External Peripherals
C5278,External Peripherals
C53008,External Peripherals
C53038,External Peripherals
C54718,External Peripherals
C55018,External Peripherals
C55528,External Peripherals
C56068,External Peripherals
C56398,External Peripherals
C56428,External Peripherals
C56818,External Peripherals
C58888,External Peripherals
C60508,External Peripherals
C61198,External Peripherals
C61828,External Peripherals
C61888,External Peripherals
C63358,External Peripherals
C63478,External Peripherals
C63838,External Peripherals
C65728,External Peripherals
C65938,External Peripherals
C66388,External Peripherals
C67378,External Peripherals
C69238,External Peripherals
C70588,External Peripherals
C70978,External Peripherals
C7228,External Peripherals
C73378,External Peripherals
C73408,External Peripherals
C74578,External Peripherals
C74938,External Peripherals
C75238,External Peripherals
C75348,External Peripherals
C75388,External Peripherals
C76468,External Peripherals
C77038,External Peripherals
C77248,External Peripherals
C7888,External Peripherals
C79828,External Peripherals
C79958,External Peripherals
C80638,External Peripherals
C8098,External Peripherals
C91828,External Peripherals
C92338,External Peripherals
C95518,External Peripherals
C95698,External Peripherals
C9598,External Peripherals
C97258,External Peripherals
C97978,External Peripherals
C99988,External Peripherals
C100919,External Peripherals
C10139,External Peripherals
C101339,External Peripherals
C102509,External Peripherals
C103169,External Peripherals
C104789,External Peripherals
C106949,External Peripherals
C107999,External Peripherals
C108179,External Peripherals
C109769,External Peripherals
C111329,External Peripherals
C111509,External Peripherals
C112769,External Peripherals
C114089,External Peripherals
C114179,External Peripherals
C114719,External Peripherals
C115589,External Peripherals
C117209,External Peripherals
C117509,External Peripherals
C117779,External Peripherals
C118169,External Peripherals
C1199,External Peripherals
C120569,External Peripherals
C121469,External Peripherals
C123089,External Peripherals
C123779,External Peripherals
C1289,External Peripherals
C1709,External Peripherals
C17189,External Peripherals
C17849,External Peripherals
C19829,External Peripherals
C21779,External Peripherals
C21899,External Peripherals
C2219,External Peripherals
C22529,External Peripherals
C23009,External Peripherals
C25439,External Peripherals
C26489,External Peripherals
C27509,External Peripherals
C27529,External Peripherals
C2909,External Peripherals
C29279,External Peripherals
C30449,External Peripherals
C3059,External Peripherals
C30989,External Peripherals
C31079,External Peripherals
C31439,External Peripherals
C31619,External Peripherals
C32039,External Peripherals
C35489,External Peripherals
C35849,External Peripherals
C36029,External Peripherals
C36599,External Peripherals
C37769,External Peripherals
C38789,External Peripherals
C38849,External Peripherals
C38879,External Peripherals
C3989,External Peripherals
C42689,External Peripherals
C43979,External Peripherals
C44789,External Peripherals
C4679,External Peripherals
C47279,External Peripherals
C47879,External Peripherals
C48299,External Peripherals
C48359,External Peripherals
C49019,External Peripherals
C50219,External Peripherals
C52289,External Peripherals
C52529,External Peripherals
C5279,External Peripherals
C53009,External Peripherals
C53039,External Peripherals
C54719,External Peripherals
C55019,External Peripherals
C55529,External Peripherals
C56069,External Peripherals
C56399,External Peripherals
C56429,External Peripherals
C56819,External Peripherals
C58889,External Peripherals
C60509,External Peripherals
C61199,External Peripherals
C61829,External Peripherals
C61889,External Peripherals
C63359,External Peripherals
C63479,External Peripherals
C63839,External Peripherals
C65729,External Peripherals
C65939,External Peripherals
C66389,External Peripherals
C67379,External Peripherals
C69239,External Peripherals
C70589,External Peripherals
C70979,External Peripherals
C7229,External Peripherals
C73379,External Peripherals
C73409,External Peripherals
C74579,External Peripherals
C74939,External Peripherals
C75239,External Peripherals
C75349,External Peripherals
C75389,External Peripherals
C76469,External Peripherals
C77039,External Peripherals
C77249,External Peripherals
C7889,External Peripherals
C79829,External Peripherals
C79959,External Peripherals
C80639,External Peripherals
C8099,External Peripherals
C91829,External Peripherals
C92339,External Peripherals
C95519,External Peripherals
C95699,External Peripherals
C9599,External Peripherals
C97259,External Peripherals
C97979,External Peripherals
C99989,External Peripherals
C100910,External Peripherals
C10130,External Peripherals
C101330,External Peripherals
C102500,External Peripherals
C103160,External Peripherals
C104780,External Peripherals
C106940,External Peripherals
C107990,External Peripherals
C108170,External Peripherals
C109760,External Peripherals
C111320,External Peripherals
C111500,External Peripherals
C112760,External Peripherals
C114080,External Peripherals
C114170,External Peripherals
C114710,External Peripherals
C115580,External Peripherals
C117200,External Peripherals
C117500,External Peripherals
C117770,External Peripherals
C118160,External Peripherals
C1190,External Peripherals
C120560,External Peripherals
C121460,External Peripherals
C123080,External Peripherals
C123770,External Peripherals
C1280,External Peripherals
C1700,External Peripherals
C17180,External Peripherals
C17840,External Peripherals
C19820,External Peripherals
C21770,External Peripherals
C21890,External Peripherals
C2210,External Peripherals
C22520,External Peripherals
C23000,External Peripherals
C25430,External Peripherals
C26480,External Peripherals
C27500,External Peripherals
C27520,External Peripherals
C2900,External Peripherals
C29270,External Peripherals
C30440,External Peripherals
C3050,External Peripherals
C30980,External Peripherals
C31070,External Peripherals
C31430,External Peripherals
C31610,External Peripherals
C32030,External Peripherals
C35480,External Peripherals
C35840,External Peripherals
C36020,External Peripherals
C36590,External Peripherals
C37760,External Peripherals
C38780,External Peripherals
C38840,External Peripherals
C38870,External Peripherals
C3980,External Peripherals
C42680,External Peripherals
C43970,External Peripherals
C44780,External Peripherals
C46460,External Peripherals
C4670,External Peripherals
C47270,External Peripherals
C47870,External Peripherals
C48290,External Peripherals
C48350,External Peripherals
C49010,External Peripherals
C50210,External Peripherals
C52280,External Peripherals
C52520,External Peripherals
C5270,External Peripherals
C53000,External Peripherals
C53030,External Peripherals
C54710,External Peripherals
C55010,External Peripherals
C55520,External Peripherals
C56060,External Peripherals
C56390,External Peripherals
C56420,External Peripherals
C56810,External Peripherals
C58880,External Peripherals
C60500,External Peripherals
C61190,External Peripherals
C61820,External Peripherals
C61880,External Peripherals
C63350,External Peripherals
C63470,External Peripherals
C63830,External Peripherals
C65720,External Peripherals
C65930,External Peripherals
C66380,External Peripherals
C67370,External Peripherals
C69230,External Peripherals
C70580,External Peripherals
C70970,External Peripherals
C7220,External Peripherals
C73370,External Peripherals
C73400,External Peripherals
C74570,External Peripherals
C74930,External Peripherals
C75230,External Peripherals
C75340,External Peripherals
C75380,External Peripherals
C76460,External Peripherals
C77030,External Peripherals
C77240,External Peripherals
C7880,External Peripherals
C79820,External Peripherals
C79950,External Peripherals
C80630,External Peripherals
C8090,External Peripherals
C91820,External Peripherals
C92330,External Peripherals
C95510,External Peripherals
C95690,External Peripherals
C9590,External Peripherals
C97250,External Peripherals
C97970,External Peripherals
C99980,External Peripherals
