C10082,Mouse
C10091,Mouse
C10109,Mouse
C1016,Mouse
C10226,Mouse
C1025,Mouse
C10250,Mouse
C10316,Mouse
C10454,Mouse
C10478,Mouse
C10490,Mouse
C10496,Mouse
C10592,Mouse
C10799,Mouse
C10817,Mouse
C10961,Mouse
C10976,Mouse
C11069,Mouse
C11141,Mouse
C11237,Mouse
C1127,Mouse
C11276,Mouse
C11279,Mouse
C11372,Mouse
C11378,Mouse
C11417,Mouse
C11471,Mouse
C11507,Mouse
C11564,Mouse
C11693,Mouse
C11750,Mouse
C11765,Mouse
C11816,Mouse
C11891,Mouse
C11900,Mouse
C12020,Mouse
C12056,Mouse
C12071,Mouse
C12140,Mouse
C12275,Mouse
C12347,Mouse
C1238,Mouse
C1394,Mouse
C1451,Mouse
C1463,Mouse
C1487,Mouse
C1754,Mouse
C1784,Mouse
C1838,Mouse
C1844,Mouse
C1874,Mouse
C1967,Mouse
C1982,Mouse
C2003,Mouse
C2084,Mouse
C2177,Mouse
C2189,Mouse
C221,Mouse
C2270,Mouse
C2300,Mouse
C2360,Mouse
C2417,Mouse
C2432,Mouse
C2543,Mouse
C2681,Mouse
C2696,Mouse
C2711,Mouse
C2752,Mouse
C2927,Mouse
C2933,Mouse
C2984,Mouse
C3002,Mouse
C3005,Mouse
C3032,Mouse
C305,Mouse
C3107,Mouse
C3137,Mouse
C3143,Mouse
C3203,Mouse
C3206,Mouse
C3248,Mouse
C3350,Mouse
C3428,Mouse
C3659,Mouse
C3701,Mouse
C3770,Mouse
C3788,Mouse
C3839,Mouse
C3884,Mouse
C3887,Mouse
C398,Mouse
C4124,Mouse
C4211,Mouse
C4250,Mouse
C4268,Mouse
C4307,Mouse
C4334,Mouse
C443,Mouse
C4478,Mouse
C4526,Mouse
C467,Mouse
C4682,Mouse
C4694,Mouse
C4706,Mouse
C4727,Mouse
C4829,Mouse
C4835,Mouse
C4901,Mouse
C4910,Mouse
C4937,Mouse
C4970,Mouse
C5153,Mouse
C5180,Mouse
C5252,Mouse
C5300,Mouse
C5303,Mouse
C5354,Mouse
C5366,Mouse
C5429,Mouse
C5501,Mouse
C5552,Mouse
C560,Mouse
C5606,Mouse
C5783,Mouse
C5870,Mouse
C5909,Mouse
C5996,Mouse
C6038,Mouse
C6050,Mouse
C6056,Mouse
C6125,Mouse
C6182,Mouse
C6188,Mouse
C6218,Mouse
C6245,Mouse
C6335,Mouse
C6347,Mouse
C641,Mouse
C6449,Mouse
C6536,Mouse
C6596,Mouse
C6725,Mouse
C6812,Mouse
C6923,Mouse
C7058,Mouse
C7088,Mouse
C7091,Mouse
C716,Mouse
C7271,Mouse
C7295,Mouse
C7337,Mouse
C7340,Mouse
C7457,Mouse
C7523,Mouse
C7580,Mouse
C7646,Mouse
C7703,Mouse
C7931,Mouse
C7982,Mouse
C7991,Mouse
C7995,Mouse
C8063,Mouse
C809,Mouse
C8354,Mouse
C8507,Mouse
C8579,Mouse
C8705,Mouse
C8765,Mouse
C8861,Mouse
C887,Mouse
C8987,Mouse
C9233,Mouse
C9548,Mouse
C9569,Mouse
C959,Mouse
C9623,Mouse
C9695,Mouse
C9725,Mouse
C977,Mouse
C9848,Mouse
C100821,Mouse
C100911,Mouse
C101091,Mouse
C10161,Mouse
C102261,Mouse
C10251,Mouse
C102501,Mouse
C103161,Mouse
C104541,Mouse
C104781,Mouse
C104901,Mouse
C104961,Mouse
C105921,Mouse
C107991,Mouse
C108171,Mouse
C109611,Mouse
C109761,Mouse
C110691,Mouse
C111411,Mouse
C112371,Mouse
C11271,Mouse
C112761,Mouse
C112791,Mouse
C113721,Mouse
C113781,Mouse
C114171,Mouse
C114711,Mouse
C115071,Mouse
C115641,Mouse
C116931,Mouse
C117501,Mouse
C117651,Mouse
C118161,Mouse
C118911,Mouse
C119001,Mouse
C120201,Mouse
C120561,Mouse
C120711,Mouse
C121401,Mouse
C122751,Mouse
C123471,Mouse
C12381,Mouse
C13941,Mouse
C14511,Mouse
C14631,Mouse
C14871,Mouse
C17541,Mouse
C17841,Mouse
C18381,Mouse
C18441,Mouse
C18741,Mouse
C19671,Mouse
C19821,Mouse
C20031,Mouse
C20841,Mouse
C21771,Mouse
C21891,Mouse
C2211,Mouse
C22701,Mouse
C23001,Mouse
C23601,Mouse
C24171,Mouse
C24321,Mouse
C25431,Mouse
C26811,Mouse
C26961,Mouse
C27111,Mouse
C27521,Mouse
C29271,Mouse
C29331,Mouse
C29841,Mouse
C30021,Mouse
C30051,Mouse
C30321,Mouse
C3051,Mouse
C31071,Mouse
C31371,Mouse
C31431,Mouse
C32031,Mouse
C32061,Mouse
C32481,Mouse
C33501,Mouse
C34281,Mouse
C36591,Mouse
C37011,Mouse
C37701,Mouse
C37881,Mouse
C38391,Mouse
C38841,Mouse
C38871,Mouse
C3981,Mouse
C41241,Mouse
C42111,Mouse
C42501,Mouse
C42681,Mouse
C43071,Mouse
C43341,Mouse
C4431,Mouse
C44781,Mouse
C45261,Mouse
C4671,Mouse
C46821,Mouse
C46941,Mouse
C47061,Mouse
C47271,Mouse
C48291,Mouse
C48351,Mouse
C49011,Mouse
C49101,Mouse
C49371,Mouse
C49701,Mouse
C51531,Mouse
C51801,Mouse
C52521,Mouse
C53001,Mouse
C53031,Mouse
C53541,Mouse
C53661,Mouse
C54291,Mouse
C55011,Mouse
C55521,Mouse
C5601,Mouse
C56061,Mouse
C57831,Mouse
C58701,Mouse
C59091,Mouse
C59961,Mouse
C60381,Mouse
C60501,Mouse
C60561,Mouse
C61251,Mouse
C61821,Mouse
C61881,Mouse
C62181,Mouse
C62451,Mouse
C63351,Mouse
C63471,Mouse
C6411,Mouse
C64491,Mouse
C65361,Mouse
C65961,Mouse
C67251,Mouse
C68121,Mouse
C69231,Mouse
C70581,Mouse
C70881,Mouse
C70911,Mouse
C7161,Mouse
C72711,Mouse
C72951,Mouse
C73371,Mouse
C73401,Mouse
C74571,Mouse
C75231,Mouse
C75801,Mouse
C76461,Mouse
C77031,Mouse
C79311,Mouse
C79821,Mouse
C79911,Mouse
C79951,Mouse
C80631,Mouse
C8091,Mouse
C83541,Mouse
C85071,Mouse
C85791,Mouse
C87051,Mouse
C87651,Mouse
C88611,Mouse
C8871,Mouse
C89871,Mouse
C92331,Mouse
C95481,Mouse
C95691,Mouse
C9591,Mouse
C96231,Mouse
C96951,Mouse
C97251,Mouse
C9771,Mouse
C98481,Mouse
C100822,Mouse
C100912,Mouse
C101092,Mouse
C10162,Mouse
C102262,Mouse
C10252,Mouse
C102502,Mouse
C103162,Mouse
C104542,Mouse
C104782,Mouse
C104902,Mouse
C104962,Mouse
C105922,Mouse
C107992,Mouse
C108172,Mouse
C109612,Mouse
C109762,Mouse
C110692,Mouse
C111412,Mouse
C112372,Mouse
C11272,Mouse
C112762,Mouse
C112792,Mouse
C113722,Mouse
C113782,Mouse
C114172,Mouse
C114712,Mouse
C115072,Mouse
C115642,Mouse
C116932,Mouse
C117502,Mouse
C117652,Mouse
C118162,Mouse
C118912,Mouse
C119002,Mouse
C120202,Mouse
C120562,Mouse
C120712,Mouse
C121402,Mouse
C122752,Mouse
C123472,Mouse
C12382,Mouse
C13942,Mouse
C14512,Mouse
C14632,Mouse
C14872,Mouse
C17542,Mouse
C17842,Mouse
C18382,Mouse
C18442,Mouse
C18742,Mouse
C19672,Mouse
C19822,Mouse
C20032,Mouse
C20842,Mouse
C21772,Mouse
C21892,Mouse
C2212,Mouse
C22702,Mouse
C23002,Mouse
C23602,Mouse
C24172,Mouse
C24322,Mouse
C25432,Mouse
C26812,Mouse
C26962,Mouse
C27112,Mouse
C27522,Mouse
C29272,Mouse
C29332,Mouse
C29842,Mouse
C30022,Mouse
C30052,Mouse
C30322,Mouse
C3052,Mouse
C31072,Mouse
C31372,Mouse
C31432,Mouse
C32032,Mouse
C32062,Mouse
C32482,Mouse
C33502,Mouse
C34282,Mouse
C36592,Mouse
C37012,Mouse
C37702,Mouse
C37882,Mouse
C38392,Mouse
C38842,Mouse
C38872,Mouse
C3982,Mouse
C41242,Mouse
C42112,Mouse
C42502,Mouse
C42682,Mouse
C43072,Mouse
C43342,Mouse
C4432,Mouse
C44782,Mouse
C45262,Mouse
C4672,Mouse
C46822,Mouse
C46942,Mouse
C47062,Mouse
C47272,Mouse
C48292,Mouse
C48352,Mouse
C49012,Mouse
C49102,Mouse
C49372,Mouse
C49702,Mouse
C51532,Mouse
C51802,Mouse
C52522,Mouse
C53002,Mouse
C53032,Mouse
C53542,Mouse
C53662,Mouse
C54292,Mouse
C55012,Mouse
C55522,Mouse
C5602,Mouse
C56062,Mouse
C57832,Mouse
C58702,Mouse
C59092,Mouse
C59962,Mouse
C60382,Mouse
C60502,Mouse
C60562,Mouse
C61252,Mouse
C61822,Mouse
C61882,Mouse
C62182,Mouse
C62452,Mouse
C63352,Mouse
C63472,Mouse
C6412,Mouse
C64492,Mouse
C65362,Mouse
C65962,Mouse
C67252,Mouse
C68122,Mouse
C69232,Mouse
C70582,Mouse
C70882,Mouse
C70912,Mouse
C7162,Mouse
C72712,Mouse
C72952,Mouse
C73372,Mouse
C73402,Mouse
C74572,Mouse
C75232,Mouse
C75802,Mouse
C76462,Mouse
C77032,Mouse
C79312,Mouse
C79822,Mouse
C79912,Mouse
C79952,Mouse
C80632,Mouse
C8092,Mouse
C83542,Mouse
C85072,Mouse
C85792,Mouse
C87052,Mouse
C87652,Mouse
C88612,Mouse
C8872,Mouse
C89872,Mouse
C92332,Mouse
C95482,Mouse
C95692,Mouse
C9592,Mouse
C96232,Mouse
C96952,Mouse
C97252,Mouse
C9772,Mouse
C98482,Mouse
C100823,Mouse
C100913,Mouse
C101093,Mouse
C10163,Mouse
C102263,Mouse
C10253,Mouse
C102503,Mouse
C103163,Mouse
C104543,Mouse
C104783,Mouse
C104903,Mouse
C104963,Mouse
C105923,Mouse
C107993,Mouse
C108173,Mouse
C109613,Mouse
C109763,Mouse
C110693,Mouse
C111413,Mouse
C112373,Mouse
C11273,Mouse
C112763,Mouse
C112793,Mouse
C113723,Mouse
C113783,Mouse
C114173,Mouse
C114713,Mouse
C115073,Mouse
C115643,Mouse
C116933,Mouse
C117503,Mouse
C117653,Mouse
C118163,Mouse
C118913,Mouse
C119003,Mouse
C120203,Mouse
C120563,Mouse
C120713,Mouse
C121403,Mouse
C122753,Mouse
C123473,Mouse
C12383,Mouse
C13943,Mouse
C14513,Mouse
C14633,Mouse
C14873,Mouse
C17543,Mouse
C17843,Mouse
C18383,Mouse
C18443,Mouse
C18743,Mouse
C19673,Mouse
C19823,Mouse
C20033,Mouse
C20843,Mouse
C21773,Mouse
C21893,Mouse
C2213,Mouse
C22703,Mouse
C23003,Mouse
C23603,Mouse
C24173,Mouse
C24323,Mouse
C25433,Mouse
C26813,Mouse
C26963,Mouse
C27113,Mouse
C27523,Mouse
C29273,Mouse
C29333,Mouse
C29843,Mouse
C30023,Mouse
C30053,Mouse
C30323,Mouse
C3053,Mouse
C31073,Mouse
C31373,Mouse
C31433,Mouse
C32033,Mouse
C32063,Mouse
C32483,Mouse
C33503,Mouse
C34283,Mouse
C36593,Mouse
C37013,Mouse
C37703,Mouse
C37883,Mouse
C38393,Mouse
C38843,Mouse
C38873,Mouse
C3983,Mouse
C41243,Mouse
C42113,Mouse
C42503,Mouse
C42683,Mouse
C43073,Mouse
C43343,Mouse
C4433,Mouse
C44783,Mouse
C45263,Mouse
C4673,Mouse
C46823,Mouse
C46943,Mouse
C47063,Mouse
C47273,Mouse
C48293,Mouse
C48353,Mouse
C49013,Mouse
C49103,Mouse
C49373,Mouse
C49703,Mouse
C51533,Mouse
C51803,Mouse
C52523,Mouse
C53003,Mouse
C53033,Mouse
C53543,Mouse
C53663,Mouse
C54293,Mouse
C55013,Mouse
C55523,Mouse
C5603,Mouse
C56063,Mouse
C57833,Mouse
C58703,Mouse
C59093,Mouse
C59963,Mouse
C60383,Mouse
C60503,Mouse
C60563,Mouse
C61253,Mouse
C61823,Mouse
C61883,Mouse
C62183,Mouse
C62453,Mouse
C63353,Mouse
C63473,Mouse
C6413,Mouse
C64493,Mouse
C65363,Mouse
C65963,Mouse
C67253,Mouse
C68123,Mouse
C69233,Mouse
C70583,Mouse
C70883,Mouse
C70913,Mouse
C7163,Mouse
C72713,Mouse
C72953,Mouse
C73373,Mouse
C73403,Mouse
C74573,Mouse
C75233,Mouse
C75803,Mouse
C76463,Mouse
C77033,Mouse
C79313,Mouse
C79823,Mouse
C79913,Mouse
C79953,Mouse
C80633,Mouse
C8093,Mouse
C83543,Mouse
C85073,Mouse
C85793,Mouse
C87053,Mouse
C87653,Mouse
C88613,Mouse
C8873,Mouse
C89873,Mouse
C92333,Mouse
C95483,Mouse
C95693,Mouse
C9593,Mouse
C96233,Mouse
C96953,Mouse
C97253,Mouse
C9773,Mouse
C98483,Mouse
C100824,Mouse
C100914,Mouse
C101094,Mouse
C10164,Mouse
C102264,Mouse
C10254,Mouse
C102504,Mouse
C103164,Mouse
C104544,Mouse
C104784,Mouse
C104904,Mouse
C104964,Mouse
C105924,Mouse
C107994,Mouse
C108174,Mouse
C109614,Mouse
C109764,Mouse
C110694,Mouse
C111414,Mouse
C112374,Mouse
C11274,Mouse
C112764,Mouse
C112794,Mouse
C113724,Mouse
C113784,Mouse
C114174,Mouse
C114714,Mouse
C115074,Mouse
C115644,Mouse
C116934,Mouse
C117504,Mouse
C117654,Mouse
C118164,Mouse
C118914,Mouse
C119004,Mouse
C120204,Mouse
C120564,Mouse
C120714,Mouse
C121404,Mouse
C122754,Mouse
C123474,Mouse
C12384,Mouse
C13944,Mouse
C14514,Mouse
C14634,Mouse
C14874,Mouse
C17544,Mouse
C17844,Mouse
C18384,Mouse
C18444,Mouse
C18744,Mouse
C19674,Mouse
C19824,Mouse
C20034,Mouse
C20844,Mouse
C21774,Mouse
C21894,Mouse
C2214,Mouse
C22704,Mouse
C23004,Mouse
C23604,Mouse
C24174,Mouse
C24324,Mouse
C25434,Mouse
C26814,Mouse
C26964,Mouse
C27114,Mouse
C27524,Mouse
C29274,Mouse
C29334,Mouse
C29844,Mouse
C30024,Mouse
C30054,Mouse
C30324,Mouse
C3054,Mouse
C31074,Mouse
C31374,Mouse
C31434,Mouse
C32034,Mouse
C32064,Mouse
C32484,Mouse
C33504,Mouse
C34284,Mouse
C36594,Mouse
C37014,Mouse
C37704,Mouse
C37884,Mouse
C38394,Mouse
C38844,Mouse
C38874,Mouse
C3984,Mouse
C41244,Mouse
C42114,Mouse
C42504,Mouse
C42684,Mouse
C43074,Mouse
C43344,Mouse
C4434,Mouse
C44784,Mouse
C45264,Mouse
C4674,Mouse
C46824,Mouse
C46944,Mouse
C47064,Mouse
C47274,Mouse
C48294,Mouse
C48354,Mouse
C49014,Mouse
C49104,Mouse
C49374,Mouse
C49704,Mouse
C51534,Mouse
C51804,Mouse
C52524,Mouse
C53004,Mouse
C53034,Mouse
C53544,Mouse
C53664,Mouse
C54294,Mouse
C55014,Mouse
C55524,Mouse
C5604,Mouse
C56064,Mouse
C57834,Mouse
C58704,Mouse
C59094,Mouse
C59964,Mouse
C60384,Mouse
C60504,Mouse
C60564,Mouse
C61254,Mouse
C61824,Mouse
C61884,Mouse
C62184,Mouse
C62454,Mouse
C63354,Mouse
C63474,Mouse
C6414,Mouse
C64494,Mouse
C65364,Mouse
C65964,Mouse
C67254,Mouse
C68124,Mouse
C69234,Mouse
C70584,Mouse
C70884,Mouse
C70914,Mouse
C7164,Mouse
C72714,Mouse
C72954,Mouse
C73374,Mouse
C73404,Mouse
C74574,Mouse
C75234,Mouse
C75804,Mouse
C76464,Mouse
C77034,Mouse
C79314,Mouse
C79824,Mouse
C79914,Mouse
C79954,Mouse
C80634,Mouse
C8094,Mouse
C83544,Mouse
C85074,Mouse
C85794,Mouse
C87054,Mouse
C87654,Mouse
C88614,Mouse
C8874,Mouse
C89874,Mouse
C92334,Mouse
C95484,Mouse
C95694,Mouse
C9594,Mouse
C96234,Mouse
C96954,Mouse
C97254,Mouse
C9774,Mouse
C98484,Mouse
C100825,Mouse
C100915,Mouse
C101095,Mouse
C10165,Mouse
C102265,Mouse
C10255,Mouse
C102505,Mouse
C103165,Mouse
C104545,Mouse
C104785,Mouse
C104905,Mouse
C104965,Mouse
C105925,Mouse
C107995,Mouse
C108175,Mouse
C109615,Mouse
C109765,Mouse
C110695,Mouse
C111415,Mouse
C112375,Mouse
C11275,Mouse
C112765,Mouse
C112795,Mouse
C113725,Mouse
C113785,Mouse
C114175,Mouse
C114715,Mouse
C115075,Mouse
C115645,Mouse
C116935,Mouse
C117505,Mouse
C117655,Mouse
C118165,Mouse
C118915,Mouse
C119005,Mouse
C120205,Mouse
C120565,Mouse
C120715,Mouse
C121405,Mouse
C122755,Mouse
C123475,Mouse
C12385,Mouse
C13945,Mouse
C14515,Mouse
C14635,Mouse
C14875,Mouse
C17545,Mouse
C17845,Mouse
C18385,Mouse
C18445,Mouse
C18745,Mouse
C19675,Mouse
C19825,Mouse
C20035,Mouse
C20845,Mouse
C21775,Mouse
C21895,Mouse
C2215,Mouse
C22705,Mouse
C23005,Mouse
C23605,Mouse
C24175,Mouse
C24325,Mouse
C25435,Mouse
C26815,Mouse
C26965,Mouse
C27115,Mouse
C27525,Mouse
C29275,Mouse
C29335,Mouse
C29845,Mouse
C30025,Mouse
C30055,Mouse
C30325,Mouse
C3055,Mouse
C31075,Mouse
C31375,Mouse
C31435,Mouse
C32035,Mouse
C32065,Mouse
C32485,Mouse
C33505,Mouse
C34285,Mouse
C36595,Mouse
C37015,Mouse
C37705,Mouse
C37885,Mouse
C38395,Mouse
C38845,Mouse
C38875,Mouse
C3985,Mouse
C41245,Mouse
C42115,Mouse
C42505,Mouse
C42685,Mouse
C43075,Mouse
C43345,Mouse
C4435,Mouse
C44785,Mouse
C45265,Mouse
C4675,Mouse
C46825,Mouse
C46945,Mouse
C47065,Mouse
C47275,Mouse
C48295,Mouse
C48355,Mouse
C49015,Mouse
C49105,Mouse
C49375,Mouse
C49705,Mouse
C51535,Mouse
C51805,Mouse
C52525,Mouse
C53005,Mouse
C53035,Mouse
C53545,Mouse
C53665,Mouse
C54295,Mouse
C55015,Mouse
C55525,Mouse
C5605,Mouse
C56065,Mouse
C57835,Mouse
C58705,Mouse
C59095,Mouse
C59965,Mouse
C60385,Mouse
C60505,Mouse
C60565,Mouse
C61255,Mouse
C61825,Mouse
C61885,Mouse
C62185,Mouse
C62455,Mouse
C63355,Mouse
C63475,Mouse
C6415,Mouse
C64495,Mouse
C65365,Mouse
C65965,Mouse
C67255,Mouse
C68125,Mouse
C69235,Mouse
C70585,Mouse
C70885,Mouse
C70915,Mouse
C7165,Mouse
C72715,Mouse
C72955,Mouse
C73375,Mouse
C73405,Mouse
C74575,Mouse
C75235,Mouse
C75805,Mouse
C76465,Mouse
C77035,Mouse
C79315,Mouse
C79825,Mouse
C79915,Mouse
C79955,Mouse
C80635,Mouse
C8095,Mouse
C83545,Mouse
C85075,Mouse
C85795,Mouse
C87055,Mouse
C87655,Mouse
C88615,Mouse
C8875,Mouse
C89875,Mouse
C92335,Mouse
C95485,Mouse
C95695,Mouse
C9595,Mouse
C96235,Mouse
C96955,Mouse
C97255,Mouse
C9775,Mouse
C98485,Mouse
C100826,Mouse
C100916,Mouse
C101096,Mouse
C10166,Mouse
C102266,Mouse
C10256,Mouse
C102506,Mouse
C103166,Mouse
C104546,Mouse
C104786,Mouse
C104906,Mouse
C104966,Mouse
C105926,Mouse
C107996,Mouse
C108176,Mouse
C109616,Mouse
C109766,Mouse
C110696,Mouse
C111416,Mouse
C112376,Mouse
C11276,Mouse
C112766,Mouse
C112796,Mouse
C113726,Mouse
C113786,Mouse
C114176,Mouse
C114716,Mouse
C115076,Mouse
C115646,Mouse
C116936,Mouse
C117506,Mouse
C117656,Mouse
C118166,Mouse
C118916,Mouse
C119006,Mouse
C120206,Mouse
C120566,Mouse
C120716,Mouse
C121406,Mouse
C122756,Mouse
C123476,Mouse
C12386,Mouse
C13946,Mouse
C14516,Mouse
C14636,Mouse
C14876,Mouse
C17546,Mouse
C17846,Mouse
C18386,Mouse
C18446,Mouse
C18746,Mouse
C19676,Mouse
C19826,Mouse
C20036,Mouse
C20846,Mouse
C21776,Mouse
C21896,Mouse
C2216,Mouse
C22706,Mouse
C23006,Mouse
C23606,Mouse
C24176,Mouse
C24326,Mouse
C25436,Mouse
C26816,Mouse
C26966,Mouse
C27116,Mouse
C27526,Mouse
C29276,Mouse
C29336,Mouse
C29846,Mouse
C30026,Mouse
C30056,Mouse
C30326,Mouse
C3056,Mouse
C31076,Mouse
C31376,Mouse
C31436,Mouse
C32036,Mouse
C32066,Mouse
C32486,Mouse
C33506,Mouse
C34286,Mouse
C36596,Mouse
C37016,Mouse
C37706,Mouse
C37886,Mouse
C38396,Mouse
C38846,Mouse
C38876,Mouse
C3986,Mouse
C41246,Mouse
C42116,Mouse
C42506,Mouse
C42686,Mouse
C43076,Mouse
C43346,Mouse
C4436,Mouse
C44786,Mouse
C45266,Mouse
C4676,Mouse
C46826,Mouse
C46946,Mouse
C47066,Mouse
C47276,Mouse
C48296,Mouse
C48356,Mouse
C49016,Mouse
C49106,Mouse
C49376,Mouse
C49706,Mouse
C51536,Mouse
C51806,Mouse
C52526,Mouse
C53006,Mouse
C53036,Mouse
C53546,Mouse
C53666,Mouse
C54296,Mouse
C55016,Mouse
C55526,Mouse
C5606,Mouse
C56066,Mouse
C57836,Mouse
C58706,Mouse
C59096,Mouse
C59966,Mouse
C60386,Mouse
C60506,Mouse
C60566,Mouse
C61256,Mouse
C61826,Mouse
C61886,Mouse
C62186,Mouse
C62456,Mouse
C63356,Mouse
C63476,Mouse
C6416,Mouse
C64496,Mouse
C65366,Mouse
C65966,Mouse
C67256,Mouse
C68126,Mouse
C69236,Mouse
C70586,Mouse
C70886,Mouse
C70916,Mouse
C7166,Mouse
C72716,Mouse
C72956,Mouse
C73376,Mouse
C73406,Mouse
C74576,Mouse
C75236,Mouse
C75806,Mouse
C76466,Mouse
C77036,Mouse
C79316,Mouse
C79826,Mouse
C79916,Mouse
C79956,Mouse
C80636,Mouse
C8096,Mouse
C83546,Mouse
C85076,Mouse
C85796,Mouse
C87056,Mouse
C87656,Mouse
C88616,Mouse
C8876,Mouse
C89876,Mouse
C92336,Mouse
C95486,Mouse
C95696,Mouse
C9596,Mouse
C96236,Mouse
C96956,Mouse
C97256,Mouse
C9776,Mouse
C98486,Mouse
C100827,Mouse
C100917,Mouse
C101097,Mouse
C10167,Mouse
C102267,Mouse
C10257,Mouse
C102507,Mouse
C103167,Mouse
C104547,Mouse
C104787,Mouse
C104907,Mouse
C104967,Mouse
C105927,Mouse
C107997,Mouse
C108177,Mouse
C109617,Mouse
C109767,Mouse
C110697,Mouse
C111417,Mouse
C112377,Mouse
C11277,Mouse
C112767,Mouse
C112797,Mouse
C113727,Mouse
C113787,Mouse
C114177,Mouse
C114717,Mouse
C115077,Mouse
C115647,Mouse
C116937,Mouse
C117507,Mouse
C117657,Mouse
C118167,Mouse
C118917,Mouse
C119007,Mouse
C120207,Mouse
C120567,Mouse
C120717,Mouse
C121407,Mouse
C122757,Mouse
C123477,Mouse
C12387,Mouse
C13947,Mouse
C14517,Mouse
C14637,Mouse
C14877,Mouse
C17547,Mouse
C17847,Mouse
C18387,Mouse
C18447,Mouse
C18747,Mouse
C19677,Mouse
C19827,Mouse
C20037,Mouse
C20847,Mouse
C21777,Mouse
C21897,Mouse
C2217,Mouse
C22707,Mouse
C23007,Mouse
C23607,Mouse
C24177,Mouse
C24327,Mouse
C25437,Mouse
C26817,Mouse
C26967,Mouse
C27117,Mouse
C27527,Mouse
C29277,Mouse
C29337,Mouse
C29847,Mouse
C30027,Mouse
C30057,Mouse
C30327,Mouse
C3057,Mouse
C31077,Mouse
C31377,Mouse
C31437,Mouse
C32037,Mouse
C32067,Mouse
C32487,Mouse
C33507,Mouse
C34287,Mouse
C36597,Mouse
C37017,Mouse
C37707,Mouse
C37887,Mouse
C38397,Mouse
C38847,Mouse
C38877,Mouse
C3987,Mouse
C41247,Mouse
C42117,Mouse
C42507,Mouse
C42687,Mouse
C43077,Mouse
C43347,Mouse
C4437,Mouse
C44787,Mouse
C45267,Mouse
C4677,Mouse
C46827,Mouse
C46947,Mouse
C47067,Mouse
C47277,Mouse
C48297,Mouse
C48357,Mouse
C49017,Mouse
C49107,Mouse
C49377,Mouse
C49707,Mouse
C51537,Mouse
C51807,Mouse
C52527,Mouse
C53007,Mouse
C53037,Mouse
C53547,Mouse
C53667,Mouse
C54297,Mouse
C55017,Mouse
C55527,Mouse
C5607,Mouse
C56067,Mouse
C57837,Mouse
C58707,Mouse
C59097,Mouse
C59967,Mouse
C60387,Mouse
C60507,Mouse
C60567,Mouse
C61257,Mouse
C61827,Mouse
C61887,Mouse
C62187,Mouse
C62457,Mouse
C63357,Mouse
C63477,Mouse
C6417,Mouse
C64497,Mouse
C65367,Mouse
C65967,Mouse
C67257,Mouse
C68127,Mouse
C69237,Mouse
C70587,Mouse
C70887,Mouse
C70917,Mouse
C7167,Mouse
C72717,Mouse
C72957,Mouse
C73377,Mouse
C73407,Mouse
C74577,Mouse
C75237,Mouse
C75807,Mouse
C76467,Mouse
C77037,Mouse
C79317,Mouse
C79827,Mouse
C79917,Mouse
C79957,Mouse
C80637,Mouse
C8097,Mouse
C83547,Mouse
C85077,Mouse
C85797,Mouse
C87057,Mouse
C87657,Mouse
C88617,Mouse
C8877,Mouse
C89877,Mouse
C92337,Mouse
C95487,Mouse
C95697,Mouse
C9597,Mouse
C96237,Mouse
C96957,Mouse
C97257,Mouse
C9777,Mouse
C98487,Mouse
C100828,Mouse
C100918,Mouse
C101098,Mouse
C10168,Mouse
C102268,Mouse
C10258,Mouse
C102508,Mouse
C103168,Mouse
C104548,Mouse
C104788,Mouse
C104908,Mouse
C104968,Mouse
C105928,Mouse
C107998,Mouse
C108178,Mouse
C109618,Mouse
C109768,Mouse
C110698,Mouse
C111418,Mouse
C112378,Mouse
C11278,Mouse
C112768,Mouse
C112798,Mouse
C113728,Mouse
C113788,Mouse
C114178,Mouse
C114718,Mouse
C115078,Mouse
C115648,Mouse
C116938,Mouse
C117508,Mouse
C117658,Mouse
C118168,Mouse
C118918,Mouse
C119008,Mouse
C120208,Mouse
C120568,Mouse
C120718,Mouse
C121408,Mouse
C122758,Mouse
C123478,Mouse
C12388,Mouse
C13948,Mouse
C14518,Mouse
C14638,Mouse
C14878,Mouse
C17548,Mouse
C17848,Mouse
C18388,Mouse
C18448,Mouse
C18748,Mouse
C19678,Mouse
C19828,Mouse
C20038,Mouse
C20848,Mouse
C21778,Mouse
C21898,Mouse
C2218,Mouse
C22708,Mouse
C23008,Mouse
C23608,Mouse
C24178,Mouse
C24328,Mouse
C25438,Mouse
C26818,Mouse
C26968,Mouse
C27118,Mouse
C27528,Mouse
C29278,Mouse
C29338,Mouse
C29848,Mouse
C30028,Mouse
C30058,Mouse
C30328,Mouse
C3058,Mouse
C31078,Mouse
C31378,Mouse
C31438,Mouse
C32038,Mouse
C32068,Mouse
C32488,Mouse
C33508,Mouse
C34288,Mouse
C36598,Mouse
C37018,Mouse
C37708,Mouse
C37888,Mouse
C38398,Mouse
C38848,Mouse
C38878,Mouse
C3988,Mouse
C41248,Mouse
C42118,Mouse
C42508,Mouse
C42688,Mouse
C43078,Mouse
C43348,Mouse
C4438,Mouse
C44788,Mouse
C45268,Mouse
C4678,Mouse
C46828,Mouse
C46948,Mouse
C47068,Mouse
C47278,Mouse
C48298,Mouse
C48358,Mouse
C49018,Mouse
C49108,Mouse
C49378,Mouse
C49708,Mouse
C51538,Mouse
C51808,Mouse
C52528,Mouse
C53008,Mouse
C53038,Mouse
C53548,Mouse
C53668,Mouse
C54298,Mouse
C55018,Mouse
C55528,Mouse
C5608,Mouse
C56068,Mouse
C57838,Mouse
C58708,Mouse
C59098,Mouse
C59968,Mouse
C60388,Mouse
C60508,Mouse
C60568,Mouse
C61258,Mouse
C61828,Mouse
C61888,Mouse
C62188,Mouse
C62458,Mouse
C63358,Mouse
C63478,Mouse
C6418,Mouse
C64498,Mouse
C65368,Mouse
C65968,Mouse
C67258,Mouse
C68128,Mouse
C69238,Mouse
C70588,Mouse
C70888,Mouse
C70918,Mouse
C7168,Mouse
C72718,Mouse
C72958,Mouse
C73378,Mouse
C73408,Mouse
C74578,Mouse
C75238,Mouse
C75808,Mouse
C76468,Mouse
C77038,Mouse
C79318,Mouse
C79828,Mouse
C79918,Mouse
C79958,Mouse
C80638,Mouse
C8098,Mouse
C83548,Mouse
C85078,Mouse
C85798,Mouse
C87058,Mouse
C87658,Mouse
C88618,Mouse
C8878,Mouse
C89878,Mouse
C92338,Mouse
C95488,Mouse
C95698,Mouse
C9598,Mouse
C96238,Mouse
C96958,Mouse
C97258,Mouse
C9778,Mouse
C98488,Mouse
C100829,Mouse
C100919,Mouse
C101099,Mouse
C10169,Mouse
C102269,Mouse
C10259,Mouse
C102509,Mouse
C103169,Mouse
C104549,Mouse
C104789,Mouse
C104909,Mouse
C104969,Mouse
C105929,Mouse
C107999,Mouse
C108179,Mouse
C109619,Mouse
C109769,Mouse
C110699,Mouse
C111419,Mouse
C112379,Mouse
C11279,Mouse
C112769,Mouse
C112799,Mouse
C113729,Mouse
C113789,Mouse
C114179,Mouse
C114719,Mouse
C115079,Mouse
C115649,Mouse
C116939,Mouse
C117509,Mouse
C117659,Mouse
C118169,Mouse
C118919,Mouse
C119009,Mouse
C120209,Mouse
C120569,Mouse
C120719,Mouse
C121409,Mouse
C122759,Mouse
C123479,Mouse
C12389,Mouse
C13949,Mouse
C14519,Mouse
C14639,Mouse
C14879,Mouse
C17549,Mouse
C17849,Mouse
C18389,Mouse
C18449,Mouse
C18749,Mouse
C19679,Mouse
C19829,Mouse
C20039,Mouse
C20849,Mouse
C21779,Mouse
C21899,Mouse
C2219,Mouse
C22709,Mouse
C23009,Mouse
C23609,Mouse
C24179,Mouse
C24329,Mouse
C25439,Mouse
C26819,Mouse
C26969,Mouse
C27119,Mouse
C27529,Mouse
C29279,Mouse
C29339,Mouse
C29849,Mouse
C30029,Mouse
C30059,Mouse
C30329,Mouse
C3059,Mouse
C31079,Mouse
C31379,Mouse
C31439,Mouse
C32039,Mouse
C32069,Mouse
C32489,Mouse
C33509,Mouse
C34289,Mouse
C36599,Mouse
C37019,Mouse
C37709,Mouse
C37889,Mouse
C38399,Mouse
C38849,Mouse
C38879,Mouse
C3989,Mouse
C41249,Mouse
C42119,Mouse
C42509,Mouse
C42689,Mouse
C43079,Mouse
C43349,Mouse
C4439,Mouse
C44789,Mouse
C45269,Mouse
C4679,Mouse
C46829,Mouse
C46949,Mouse
C47069,Mouse
C47279,Mouse
C48299,Mouse
C48359,Mouse
C49019,Mouse
C49109,Mouse
C49379,Mouse
C49709,Mouse
C51539,Mouse
C51809,Mouse
C52529,Mouse
C53009,Mouse
C53039,Mouse
C53549,Mouse
C53669,Mouse
C54299,Mouse
C55019,Mouse
C55529,Mouse
C5609,Mouse
C56069,Mouse
C57839,Mouse
C58709,Mouse
C59099,Mouse
C59969,Mouse
C60389,Mouse
C60509,Mouse
C60569,Mouse
C61259,Mouse
C61829,Mouse
C61889,Mouse
C62189,Mouse
C62459,Mouse
C63359,Mouse
C63479,Mouse
C6419,Mouse
C64499,Mouse
C65369,Mouse
C65969,Mouse
C67259,Mouse
C68129,Mouse
C69239,Mouse
C70589,Mouse
C70889,Mouse
C70919,Mouse
C7169,Mouse
C72719,Mouse
C72959,Mouse
C73379,Mouse
C73409,Mouse
C74579,Mouse
C75239,Mouse
C75809,Mouse
C76469,Mouse
C77039,Mouse
C79319,Mouse
C79829,Mouse
C79919,Mouse
C79959,Mouse
C80639,Mouse
C8099,Mouse
C83549,Mouse
C85079,Mouse
C85799,Mouse
C87059,Mouse
C87659,Mouse
C88619,Mouse
C8879,Mouse
C89879,Mouse
C92339,Mouse
C95489,Mouse
C95699,Mouse
C9599,Mouse
C96239,Mouse
C96959,Mouse
C97259,Mouse
C9779,Mouse
C98489,Mouse
C100820,Mouse
C100910,Mouse
C101090,Mouse
C10160,Mouse
C102260,Mouse
C10250,Mouse
C102500,Mouse
C103160,Mouse
C104540,Mouse
C104780,Mouse
C104900,Mouse
C104960,Mouse
C105920,Mouse
C107990,Mouse
C108170,Mouse
C109610,Mouse
C109760,Mouse
C110690,Mouse
C111410,Mouse
C112370,Mouse
C11270,Mouse
C112760,Mouse
C112790,Mouse
C113720,Mouse
C113780,Mouse
C114170,Mouse
C114710,Mouse
C115070,Mouse
C115640,Mouse
C116930,Mouse
C117500,Mouse
C117650,Mouse
C118160,Mouse
C118910,Mouse
C119000,Mouse
C120200,Mouse
C120560,Mouse
C120710,Mouse
C121400,Mouse
C122750,Mouse
C123470,Mouse
C12380,Mouse
C13940,Mouse
C14510,Mouse
C14630,Mouse
C14870,Mouse
C17540,Mouse
C17840,Mouse
C18380,Mouse
C18440,Mouse
C18740,Mouse
C19670,Mouse
C19820,Mouse
C20030,Mouse
C20840,Mouse
C21770,Mouse
C21890,Mouse
C2210,Mouse
C22700,Mouse
C23000,Mouse
C23600,Mouse
C24170,Mouse
C24320,Mouse
C25430,Mouse
C26810,Mouse
C26960,Mouse
C27110,Mouse
C27520,Mouse
C29270,Mouse
C29330,Mouse
C29840,Mouse
C30020,Mouse
C30050,Mouse
C30320,Mouse
C3050,Mouse
C31070,Mouse
C31370,Mouse
C31430,Mouse
C32030,Mouse
C32060,Mouse
C32480,Mouse
C33500,Mouse
C34280,Mouse
C36590,Mouse
C37010,Mouse
C37700,Mouse
C37880,Mouse
C38390,Mouse
C38840,Mouse
C38870,Mouse
C3980,Mouse
C41240,Mouse
C42110,Mouse
C42500,Mouse
C42680,Mouse
C43070,Mouse
C43340,Mouse
C4430,Mouse
C44780,Mouse
C45260,Mouse
C4670,Mouse
C46820,Mouse
C46940,Mouse
C47060,Mouse
C47270,Mouse
C48290,Mouse
C48350,Mouse
C49010,Mouse
C49100,Mouse
C49370,Mouse
C49700,Mouse
C51530,Mouse
C51800,Mouse
C52520,Mouse
C53000,Mouse
C53030,Mouse
C53540,Mouse
C53660,Mouse
C54290,Mouse
C55010,Mouse
C55520,Mouse
C5600,Mouse
C56060,Mouse
C57830,Mouse
C58700,Mouse
C59090,Mouse
C59960,Mouse
C60380,Mouse
C60500,Mouse
C60560,Mouse
C61250,Mouse
C61820,Mouse
C61880,Mouse
C62180,Mouse
C62450,Mouse
C63350,Mouse
C63470,Mouse
C6410,Mouse
C64490,Mouse
C65360,Mouse
C65960,Mouse
C67250,Mouse
C68120,Mouse
C69230,Mouse
C70580,Mouse
C70880,Mouse
C70910,Mouse
C7160,Mouse
C72710,Mouse
C72950,Mouse
C73370,Mouse
C73400,Mouse
C74570,Mouse
C75230,Mouse
C75800,Mouse
C76460,Mouse
C77030,Mouse
C79310,Mouse
C79820,Mouse
C79910,Mouse
C79950,Mouse
C80630,Mouse
C8090,Mouse
C83540,Mouse
C85070,Mouse
C85790,Mouse
C87050,Mouse
C87650,Mouse
C88610,Mouse
C8870,Mouse
C89870,Mouse
C92330,Mouse
C95480,Mouse
C95690,Mouse
C9590,Mouse
C96230,Mouse
C96950,Mouse
C97250,Mouse
C9770,Mouse
C98480,Mouse
