C10073,Internal Peripherals
C10184,Internal Peripherals
C10496,Internal Peripherals
C10649,Internal Peripherals
C10694,Internal Peripherals
C10799,Internal Peripherals
C10976,Internal Peripherals
C11066,Internal Peripherals
C11150,Internal Peripherals
C1121,Internal Peripherals
C11279,Internal Peripherals
C11378,Internal Peripherals
C11417,Internal Peripherals
C11471,Internal Peripherals
C11552,Internal Peripherals
C11603,Internal Peripherals
C11606,Internal Peripherals
C1169,Internal Peripherals
C11816,Internal Peripherals
C12056,Internal Peripherals
C12122,Internal Peripherals
C12140,Internal Peripherals
C12149,Internal Peripherals
C12281,Internal Peripherals
C12347,Internal Peripherals
C12377,Internal Peripherals
C1283,Internal Peripherals
C1322,Internal Peripherals
C1388,Internal Peripherals
C1451,Internal Peripherals
C1784,Internal Peripherals
C1844,Internal Peripherals
C1982,Internal Peripherals
C2252,Internal Peripherals
C2543,Internal Peripherals
C2672,Internal Peripherals
C2681,Internal Peripherals
C2750,Internal Peripherals
C2752,Internal Peripherals
C3032,Internal Peripherals
C3107,Internal Peripherals
C3143,Internal Peripherals
C3161,Internal Peripherals
C3350,Internal Peripherals
C338,Internal Peripherals
C3428,Internal Peripherals
C3548,Internal Peripherals
C3569,Internal Peripherals
C3770,Internal Peripherals
C3887,Internal Peripherals
C4124,Internal Peripherals
C4478,Internal Peripherals
C4484,Internal Peripherals
C4634,Internal Peripherals
C4682,Internal Peripherals
C4706,Internal Peripherals
C4829,Internal Peripherals
C4835,Internal Peripherals
C4901,Internal Peripherals
C4925,Internal Peripherals
C5072,Internal Peripherals
C5180,Internal Peripherals
C5303,Internal Peripherals
C5354,Internal Peripherals
C5429,Internal Peripherals
C5834,Internal Peripherals
C6050,Internal Peripherals
C6062,Internal Peripherals
C6182,Internal Peripherals
C6188,Internal Peripherals
C7106,Internal Peripherals
C722,Internal Peripherals
C7337,Internal Peripherals
C7418,Internal Peripherals
C7493,Internal Peripherals
C7664,Internal Peripherals
C809,Internal Peripherals
C8363,Internal Peripherals
C8579,Internal Peripherals
C8987,Internal Peripherals
C9548,Internal Peripherals
C956,Internal Peripherals
C9569,Internal Peripherals
C9848,Internal Peripherals
C9995,Internal Peripherals
C100731,Internal Peripherals
C101841,Internal Peripherals
C104961,Internal Peripherals
C106491,Internal Peripherals
C106941,Internal Peripherals
C107991,Internal Peripherals
C109761,Internal Peripherals
C110661,Internal Peripherals
C111501,Internal Peripherals
C11211,Internal Peripherals
C112791,Internal Peripherals
C113781,Internal Peripherals
C114171,Internal Peripherals
C114711,Internal Peripherals
C115521,Internal Peripherals
C116031,Internal Peripherals
C116061,Internal Peripherals
C11691,Internal Peripherals
C118161,Internal Peripherals
C120561,Internal Peripherals
C121221,Internal Peripherals
C121401,Internal Peripherals
C121491,Internal Peripherals
C122811,Internal Peripherals
C123471,Internal Peripherals
C123771,Internal Peripherals
C12831,Internal Peripherals
C13221,Internal Peripherals
C13881,Internal Peripherals
C14511,Internal Peripherals
C17841,Internal Peripherals
C18441,Internal Peripherals
C19821,Internal Peripherals
C22521,Internal Peripherals
C25431,Internal Peripherals
C26721,Internal Peripherals
C26811,Internal Peripherals
C27501,Internal Peripherals
C27521,Internal Peripherals
C30321,Internal Peripherals
C31071,Internal Peripherals
C31431,Internal Peripherals
C31611,Internal Peripherals
C33501,Internal Peripherals
C3381,Internal Peripherals
C34281,Internal Peripherals
C35481,Internal Peripherals
C35691,Internal Peripherals
C37701,Internal Peripherals
C38871,Internal Peripherals
C41241,Internal Peripherals
C44781,Internal Peripherals
C44841,Internal Peripherals
C46341,Internal Peripherals
C46821,Internal Peripherals
C47061,Internal Peripherals
C48291,Internal Peripherals
C48351,Internal Peripherals
C49011,Internal Peripherals
C49251,Internal Peripherals
C50721,Internal Peripherals
C51801,Internal Peripherals
C53031,Internal Peripherals
C53541,Internal Peripherals
C54291,Internal Peripherals
C58341,Internal Peripherals
C60501,Internal Peripherals
C60621,Internal Peripherals
C61821,Internal Peripherals
C61881,Internal Peripherals
C71061,Internal Peripherals
C7221,Internal Peripherals
C73371,Internal Peripherals
C74181,Internal Peripherals
C74931,Internal Peripherals
C76641,Internal Peripherals
C8091,Internal Peripherals
C83631,Internal Peripherals
C85791,Internal Peripherals
C89871,Internal Peripherals
C95481,Internal Peripherals
C9561,Internal Peripherals
C95691,Internal Peripherals
C98481,Internal Peripherals
C99951,Internal Peripherals
C100732,Internal Peripherals
C101842,Internal Peripherals
C104962,Internal Peripherals
C106492,Internal Peripherals
C106942,Internal Peripherals
C107992,Internal Peripherals
C109762,Internal Peripherals
C110662,Internal Peripherals
C111502,Internal Peripherals
C11212,Internal Peripherals
C112792,Internal Peripherals
C113782,Internal Peripherals
C114172,Internal Peripherals
C114712,Internal Peripherals
C115522,Internal Peripherals
C116032,Internal Peripherals
C116062,Internal Peripherals
C11692,Internal Peripherals
C118162,Internal Peripherals
C120562,Internal Peripherals
C121222,Internal Peripherals
C121402,Internal Peripherals
C121492,Internal Peripherals
C122812,Internal Peripherals
C123472,Internal Peripherals
C123772,Internal Peripherals
C12832,Internal Peripherals
C13222,Internal Peripherals
C13882,Internal Peripherals
C14512,Internal Peripherals
C17842,Internal Peripherals
C18442,Internal Peripherals
C19822,Internal Peripherals
C22522,Internal Peripherals
C25432,Internal Peripherals
C26722,Internal Peripherals
C26812,Internal Peripherals
C27502,Internal Peripherals
C27522,Internal Peripherals
C30322,Internal Peripherals
C31072,Internal Peripherals
C31432,Internal Peripherals
C31612,Internal Peripherals
C33502,Internal Peripherals
C3382,Internal Peripherals
C34282,Internal Peripherals
C35482,Internal Peripherals
C35692,Internal Peripherals
C37702,Internal Peripherals
C38872,Internal Peripherals
C41242,Internal Peripherals
C44782,Internal Peripherals
C44842,Internal Peripherals
C46342,Internal Peripherals
C46822,Internal Peripherals
C47062,Internal Peripherals
C48292,Internal Peripherals
C48352,Internal Peripherals
C49012,Internal Peripherals
C49252,Internal Peripherals
C50722,Internal Peripherals
C51802,Internal Peripherals
C53032,Internal Peripherals
C53542,Internal Peripherals
C54292,Internal Peripherals
C58342,Internal Peripherals
C60502,Internal Peripherals
C60622,Internal Peripherals
C61822,Internal Peripherals
C61882,Internal Peripherals
C71062,Internal Peripherals
C7222,Internal Peripherals
C73372,Internal Peripherals
C74182,Internal Peripherals
C74932,Internal Peripherals
C76642,Internal Peripherals
C8092,Internal Peripherals
C83632,Internal Peripherals
C85792,Internal Peripherals
C89872,Internal Peripherals
C95482,Internal Peripherals
C9562,Internal Peripherals
C95692,Internal Peripherals
C98482,Internal Peripherals
C99952,Internal Peripherals
C100733,Internal Peripherals
C101843,Internal Peripherals
C104963,Internal Peripherals
C106493,Internal Peripherals
C106943,Internal Peripherals
C107993,Internal Peripherals
C109763,Internal Peripherals
C110663,Internal Peripherals
C111503,Internal Peripherals
C11213,Internal Peripherals
C112793,Internal Peripherals
C113783,Internal Peripherals
C114173,Internal Peripherals
C114713,Internal Peripherals
C115523,Internal Peripherals
C116033,Internal Peripherals
C116063,Internal Peripherals
C11693,Internal Peripherals
C118163,Internal Peripherals
C120563,Internal Peripherals
C121223,Internal Peripherals
C121403,Internal Peripherals
C121493,Internal Peripherals
C122813,Internal Peripherals
C123473,Internal Peripherals
C123773,Internal Peripherals
C12833,Internal Peripherals
C13223,Internal Peripherals
C13883,Internal Peripherals
C14513,Internal Peripherals
C17843,Internal Peripherals
C18443,Internal Peripherals
C19823,Internal Peripherals
C22523,Internal Peripherals
C25433,Internal Peripherals
C26723,Internal Peripherals
C26813,Internal Peripherals
C27503,Internal Peripherals
C27523,Internal Peripherals
C30323,Internal Peripherals
C31073,Internal Peripherals
C31433,Internal Peripherals
C31613,Internal Peripherals
C33503,Internal Peripherals
C3383,Internal Peripherals
C34283,Internal Peripherals
C35483,Internal Peripherals
C35693,Internal Peripherals
C37703,Internal Peripherals
C38873,Internal Peripherals
C41243,Internal Peripherals
C44783,Internal Peripherals
C44843,Internal Peripherals
C46343,Internal Peripherals
C46823,Internal Peripherals
C47063,Internal Peripherals
C48293,Internal Peripherals
C48353,Internal Peripherals
C49013,Internal Peripherals
C49253,Internal Peripherals
C50723,Internal Peripherals
C51803,Internal Peripherals
C53033,Internal Peripherals
C53543,Internal Peripherals
C54293,Internal Peripherals
C58343,Internal Peripherals
C60503,Internal Peripherals
C60623,Internal Peripherals
C61823,Internal Peripherals
C61883,Internal Peripherals
C71063,Internal Peripherals
C7223,Internal Peripherals
C73373,Internal Peripherals
C74183,Internal Peripherals
C74933,Internal Peripherals
C76643,Internal Peripherals
C8093,Internal Peripherals
C83633,Internal Peripherals
C85793,Internal Peripherals
C89873,Internal Peripherals
C95483,Internal Peripherals
C9563,Internal Peripherals
C95693,Internal Peripherals
C98483,Internal Peripherals
C99953,Internal Peripherals
C100734,Internal Peripherals
C101844,Internal Peripherals
C104964,Internal Peripherals
C106494,Internal Peripherals
C106944,Internal Peripherals
C107994,Internal Peripherals
C109764,Internal Peripherals
C110664,Internal Peripherals
C111504,Internal Peripherals
C11214,Internal Peripherals
C112794,Internal Peripherals
C113784,Internal Peripherals
C114174,Internal Peripherals
C114714,Internal Peripherals
C115524,Internal Peripherals
C116034,Internal Peripherals
C116064,Internal Peripherals
C11694,Internal Peripherals
C118164,Internal Peripherals
C120564,Internal Peripherals
C121224,Internal Peripherals
C121404,Internal Peripherals
C121494,Internal Peripherals
C122814,Internal Peripherals
C123474,Internal Peripherals
C123774,Internal Peripherals
C12834,Internal Peripherals
C13224,Internal Peripherals
C13884,Internal Peripherals
C14514,Internal Peripherals
C17844,Internal Peripherals
C18444,Internal Peripherals
C19824,Internal Peripherals
C22524,Internal Peripherals
C25434,Internal Peripherals
C26724,Internal Peripherals
C26814,Internal Peripherals
C27504,Internal Peripherals
C27524,Internal Peripherals
C30324,Internal Peripherals
C31074,Internal Peripherals
C31434,Internal Peripherals
C31614,Internal Peripherals
C33504,Internal Peripherals
C3384,Internal Peripherals
C34284,Internal Peripherals
C35484,Internal Peripherals
C35694,Internal Peripherals
C37704,Internal Peripherals
C38874,Internal Peripherals
C41244,Internal Peripherals
C44784,Internal Peripherals
C44844,Internal Peripherals
C46344,Internal Peripherals
C46824,Internal Peripherals
C47064,Internal Peripherals
C48294,Internal Peripherals
C48354,Internal Peripherals
C49014,Internal Peripherals
C49254,Internal Peripherals
C50724,Internal Peripherals
C51804,Internal Peripherals
C53034,Internal Peripherals
C53544,Internal Peripherals
C54294,Internal Peripherals
C58344,Internal Peripherals
C60504,Internal Peripherals
C60624,Internal Peripherals
C61824,Internal Peripherals
C61884,Internal Peripherals
C71064,Internal Peripherals
C7224,Internal Peripherals
C73374,Internal Peripherals
C74184,Internal Peripherals
C74934,Internal Peripherals
C76644,Internal Peripherals
C8094,Internal Peripherals
C83634,Internal Peripherals
C85794,Internal Peripherals
C89874,Internal Peripherals
C95484,Internal Peripherals
C9564,Internal Peripherals
C95694,Internal Peripherals
C98484,Internal Peripherals
C99954,Internal Peripherals
C100735,Internal Peripherals
C101845,Internal Peripherals
C104965,Internal Peripherals
C106495,Internal Peripherals
C106945,Internal Peripherals
C107995,Internal Peripherals
C109765,Internal Peripherals
C110665,Internal Peripherals
C111505,Internal Peripherals
C11215,Internal Peripherals
C112795,Internal Peripherals
C113785,Internal Peripherals
C114175,Internal Peripherals
C114715,Internal Peripherals
C115525,Internal Peripherals
C116035,Internal Peripherals
C116065,Internal Peripherals
C11695,Internal Peripherals
C118165,Internal Peripherals
C120565,Internal Peripherals
C121225,Internal Peripherals
C121405,Internal Peripherals
C121495,Internal Peripherals
C122815,Internal Peripherals
C123475,Internal Peripherals
C123775,Internal Peripherals
C12835,Internal Peripherals
C13225,Internal Peripherals
C13885,Internal Peripherals
C14515,Internal Peripherals
C17845,Internal Peripherals
C18445,Internal Peripherals
C19825,Internal Peripherals
C22525,Internal Peripherals
C25435,Internal Peripherals
C26725,Internal Peripherals
C26815,Internal Peripherals
C27505,Internal Peripherals
C27525,Internal Peripherals
C30325,Internal Peripherals
C31075,Internal Peripherals
C31435,Internal Peripherals
C31615,Internal Peripherals
C33505,Internal Peripherals
C3385,Internal Peripherals
C34285,Internal Peripherals
C35485,Internal Peripherals
C35695,Internal Peripherals
C37705,Internal Peripherals
C38875,Internal Peripherals
C41245,Internal Peripherals
C44785,Internal Peripherals
C44845,Internal Peripherals
C46345,Internal Peripherals
C46825,Internal Peripherals
C47065,Internal Peripherals
C48295,Internal Peripherals
C48355,Internal Peripherals
C49015,Internal Peripherals
C49255,Internal Peripherals
C50725,Internal Peripherals
C51805,Internal Peripherals
C53035,Internal Peripherals
C53545,Internal Peripherals
C54295,Internal Peripherals
C58345,Internal Peripherals
C60505,Internal Peripherals
C60625,Internal Peripherals
C61825,Internal Peripherals
C61885,Internal Peripherals
C71065,Internal Peripherals
C7225,Internal Peripherals
C73375,Internal Peripherals
C74185,Internal Peripherals
C74935,Internal Peripherals
C76645,Internal Peripherals
C8095,Internal Peripherals
C83635,Internal Peripherals
C85795,Internal Peripherals
C89875,Internal Peripherals
C95485,Internal Peripherals
C9565,Internal Peripherals
C95695,Internal Peripherals
C98485,Internal Peripherals
C99955,Internal Peripherals
C100736,Internal Peripherals
C101846,Internal Peripherals
C104966,Internal Peripherals
C106496,Internal Peripherals
C106946,Internal Peripherals
C107996,Internal Peripherals
C109766,Internal Peripherals
C110666,Internal Peripherals
C111506,Internal Peripherals
C11216,Internal Peripherals
C112796,Internal Peripherals
C113786,Internal Peripherals
C114176,Internal Peripherals
C114716,Internal Peripherals
C115526,Internal Peripherals
C116036,Internal Peripherals
C116066,Internal Peripherals
C11696,Internal Peripherals
C118166,Internal Peripherals
C120566,Internal Peripherals
C121226,Internal Peripherals
C121406,Internal Peripherals
C121496,Internal Peripherals
C122816,Internal Peripherals
C123476,Internal Peripherals
C123776,Internal Peripherals
C12836,Internal Peripherals
C13226,Internal Peripherals
C13886,Internal Peripherals
C14516,Internal Peripherals
C17846,Internal Peripherals
C18446,Internal Peripherals
C19826,Internal Peripherals
C22526,Internal Peripherals
C25436,Internal Peripherals
C26726,Internal Peripherals
C26816,Internal Peripherals
C27506,Internal Peripherals
C27526,Internal Peripherals
C30326,Internal Peripherals
C31076,Internal Peripherals
C31436,Internal Peripherals
C31616,Internal Peripherals
C33506,Internal Peripherals
C3386,Internal Peripherals
C34286,Internal Peripherals
C35486,Internal Peripherals
C35696,Internal Peripherals
C37706,Internal Peripherals
C38876,Internal Peripherals
C41246,Internal Peripherals
C44786,Internal Peripherals
C44846,Internal Peripherals
C46346,Internal Peripherals
C46826,Internal Peripherals
C47066,Internal Peripherals
C48296,Internal Peripherals
C48356,Internal Peripherals
C49016,Internal Peripherals
C49256,Internal Peripherals
C50726,Internal Peripherals
C51806,Internal Peripherals
C53036,Internal Peripherals
C53546,Internal Peripherals
C54296,Internal Peripherals
C58346,Internal Peripherals
C60506,Internal Peripherals
C60626,Internal Peripherals
C61826,Internal Peripherals
C61886,Internal Peripherals
C71066,Internal Peripherals
C7226,Internal Peripherals
C73376,Internal Peripherals
C74186,Internal Peripherals
C74936,Internal Peripherals
C76646,Internal Peripherals
C8096,Internal Peripherals
C83636,Internal Peripherals
C85796,Internal Peripherals
C89876,Internal Peripherals
C95486,Internal Peripherals
C9566,Internal Peripherals
C95696,Internal Peripherals
C98486,Internal Peripherals
C99956,Internal Peripherals
C100737,Internal Peripherals
C101847,Internal Peripherals
C104967,Internal Peripherals
C106497,Internal Peripherals
C106947,Internal Peripherals
C107997,Internal Peripherals
C109767,Internal Peripherals
C110667,Internal Peripherals
C111507,Internal Peripherals
C11217,Internal Peripherals
C112797,Internal Peripherals
C113787,Internal Peripherals
C114177,Internal Peripherals
C114717,Internal Peripherals
C115527,Internal Peripherals
C116037,Internal Peripherals
C116067,Internal Peripherals
C11697,Internal Peripherals
C118167,Internal Peripherals
C120567,Internal Peripherals
C121227,Internal Peripherals
C121407,Internal Peripherals
C121497,Internal Peripherals
C122817,Internal Peripherals
C123477,Internal Peripherals
C123777,Internal Peripherals
C12837,Internal Peripherals
C13227,Internal Peripherals
C13887,Internal Peripherals
C14517,Internal Peripherals
C17847,Internal Peripherals
C18447,Internal Peripherals
C19827,Internal Peripherals
C22527,Internal Peripherals
C25437,Internal Peripherals
C26727,Internal Peripherals
C26817,Internal Peripherals
C27507,Internal Peripherals
C27527,Internal Peripherals
C30327,Internal Peripherals
C31077,Internal Peripherals
C31437,Internal Peripherals
C31617,Internal Peripherals
C33507,Internal Peripherals
C3387,Internal Peripherals
C34287,Internal Peripherals
C35487,Internal Peripherals
C35697,Internal Peripherals
C37707,Internal Peripherals
C38877,Internal Peripherals
C41247,Internal Peripherals
C44787,Internal Peripherals
C44847,Internal Peripherals
C46347,Internal Peripherals
C46827,Internal Peripherals
C47067,Internal Peripherals
C48297,Internal Peripherals
C48357,Internal Peripherals
C49017,Internal Peripherals
C49257,Internal Peripherals
C50727,Internal Peripherals
C51807,Internal Peripherals
C53037,Internal Peripherals
C53547,Internal Peripherals
C54297,Internal Peripherals
C58347,Internal Peripherals
C60507,Internal Peripherals
C60627,Internal Peripherals
C61827,Internal Peripherals
C61887,Internal Peripherals
C71067,Internal Peripherals
C7227,Internal Peripherals
C73377,Internal Peripherals
C74187,Internal Peripherals
C74937,Internal Peripherals
C76647,Internal Peripherals
C8097,Internal Peripherals
C83637,Internal Peripherals
C85797,Internal Peripherals
C89877,Internal Peripherals
C95487,Internal Peripherals
C9567,Internal Peripherals
C95697,Internal Peripherals
C98487,Internal Peripherals
C99957,Internal Peripherals
C100738,Internal Peripherals
C101848,Internal Peripherals
C104968,Internal Peripherals
C106498,Internal Peripherals
C106948,Internal Peripherals
C107998,Internal Peripherals
C109768,Internal Peripherals
C110668,Internal Peripherals
C111508,Internal Peripherals
C11218,Internal Peripherals
C112798,Internal Peripherals
C113788,Internal Peripherals
C114178,Internal Peripherals
C114718,Internal Peripherals
C115528,Internal Peripherals
C116038,Internal Peripherals
C116068,Internal Peripherals
C11698,Internal Peripherals
C118168,Internal Peripherals
C120568,Internal Peripherals
C121228,Internal Peripherals
C121408,Internal Peripherals
C121498,Internal Peripherals
C122818,Internal Peripherals
C123478,Internal Peripherals
C123778,Internal Peripherals
C12838,Internal Peripherals
C13228,Internal Peripherals
C13888,Internal Peripherals
C14518,Internal Peripherals
C17848,Internal Peripherals
C18448,Internal Peripherals
C19828,Internal Peripherals
C22528,Internal Peripherals
C25438,Internal Peripherals
C26728,Internal Peripherals
C26818,Internal Peripherals
C27508,Internal Peripherals
C27528,Internal Peripherals
C30328,Internal Peripherals
C31078,Internal Peripherals
C31438,Internal Peripherals
C31618,Internal Peripherals
C33508,Internal Peripherals
C3388,Internal Peripherals
C34288,Internal Peripherals
C35488,Internal Peripherals
C35698,Internal Peripherals
C37708,Internal Peripherals
C38878,Internal Peripherals
C41248,Internal Peripherals
C44788,Internal Peripherals
C44848,Internal Peripherals
C46348,Internal Peripherals
C46828,Internal Peripherals
C47068,Internal Peripherals
C48298,Internal Peripherals
C48358,Internal Peripherals
C49018,Internal Peripherals
C49258,Internal Peripherals
C50728,Internal Peripherals
C51808,Internal Peripherals
C53038,Internal Peripherals
C53548,Internal Peripherals
C54298,Internal Peripherals
C58348,Internal Peripherals
C60508,Internal Peripherals
C60628,Internal Peripherals
C61828,Internal Peripherals
C61888,Internal Peripherals
C71068,Internal Peripherals
C7228,Internal Peripherals
C73378,Internal Peripherals
C74188,Internal Peripherals
C74938,Internal Peripherals
C76648,Internal Peripherals
C8098,Internal Peripherals
C83638,Internal Peripherals
C85798,Internal Peripherals
C89878,Internal Peripherals
C95488,Internal Peripherals
C9568,Internal Peripherals
C95698,Internal Peripherals
C98488,Internal Peripherals
C99958,Internal Peripherals
C100739,Internal Peripherals
C101849,Internal Peripherals
C104969,Internal Peripherals
C106499,Internal Peripherals
C106949,Internal Peripherals
C107999,Internal Peripherals
C109769,Internal Peripherals
C110669,Internal Peripherals
C111509,Internal Peripherals
C11219,Internal Peripherals
C112799,Internal Peripherals
C113789,Internal Peripherals
C114179,Internal Peripherals
C114719,Internal Peripherals
C115529,Internal Peripherals
C116039,Internal Peripherals
C116069,Internal Peripherals
C11699,Internal Peripherals
C118169,Internal Peripherals
C120569,Internal Peripherals
C121229,Internal Peripherals
C121409,Internal Peripherals
C121499,Internal Peripherals
C122819,Internal Peripherals
C123479,Internal Peripherals
C123779,Internal Peripherals
C12839,Internal Peripherals
C13229,Internal Peripherals
C13889,Internal Peripherals
C14519,Internal Peripherals
C17849,Internal Peripherals
C18449,Internal Peripherals
C19829,Internal Peripherals
C22529,Internal Peripherals
C25439,Internal Peripherals
C26729,Internal Peripherals
C26819,Internal Peripherals
C27509,Internal Peripherals
C27529,Internal Peripherals
C30329,Internal Peripherals
C31079,Internal Peripherals
C31439,Internal Peripherals
C31619,Internal Peripherals
C33509,Internal Peripherals
C3389,Internal Peripherals
C34289,Internal Peripherals
C35489,Internal Peripherals
C35699,Internal Peripherals
C37709,Internal Peripherals
C38879,Internal Peripherals
C41249,Internal Peripherals
C44789,Internal Peripherals
C44849,Internal Peripherals
C46349,Internal Peripherals
C46829,Internal Peripherals
C47069,Internal Peripherals
C48299,Internal Peripherals
C48359,Internal Peripherals
C49019,Internal Peripherals
C49259,Internal Peripherals
C50729,Internal Peripherals
C51809,Internal Peripherals
C53039,Internal Peripherals
C53549,Internal Peripherals
C54299,Internal Peripherals
C58349,Internal Peripherals
C60509,Internal Peripherals
C60629,Internal Peripherals
C61829,Internal Peripherals
C61889,Internal Peripherals
C71069,Internal Peripherals
C7229,Internal Peripherals
C73379,Internal Peripherals
C74189,Internal Peripherals
C74939,Internal Peripherals
C76649,Internal Peripherals
C8099,Internal Peripherals
C83639,Internal Peripherals
C85799,Internal Peripherals
C89879,Internal Peripherals
C95489,Internal Peripherals
C9569,Internal Peripherals
C95699,Internal Peripherals
C98489,Internal Peripherals
C99959,Internal Peripherals
C100730,Internal Peripherals
C101840,Internal Peripherals
C104960,Internal Peripherals
C106490,Internal Peripherals
C106940,Internal Peripherals
C107990,Internal Peripherals
C109760,Internal Peripherals
C110660,Internal Peripherals
C111500,Internal Peripherals
C11210,Internal Peripherals
C112790,Internal Peripherals
C113780,Internal Peripherals
C114170,Internal Peripherals
C114710,Internal Peripherals
C115520,Internal Peripherals
C116030,Internal Peripherals
C116060,Internal Peripherals
C11690,Internal Peripherals
C118160,Internal Peripherals
C120560,Internal Peripherals
C121220,Internal Peripherals
C121400,Internal Peripherals
C121490,Internal Peripherals
C122810,Internal Peripherals
C123470,Internal Peripherals
C123770,Internal Peripherals
C12830,Internal Peripherals
C13220,Internal Peripherals
C13880,Internal Peripherals
C14510,Internal Peripherals
C17840,Internal Peripherals
C18440,Internal Peripherals
C19820,Internal Peripherals
C22520,Internal Peripherals
C25430,Internal Peripherals
C26720,Internal Peripherals
C26810,Internal Peripherals
C27500,Internal Peripherals
C27520,Internal Peripherals
C30320,Internal Peripherals
C31070,Internal Peripherals
C31430,Internal Peripherals
C31610,Internal Peripherals
C33500,Internal Peripherals
C3380,Internal Peripherals
C34280,Internal Peripherals
C35480,Internal Peripherals
C35690,Internal Peripherals
C37700,Internal Peripherals
C38870,Internal Peripherals
C41240,Internal Peripherals
C44780,Internal Peripherals
C44840,Internal Peripherals
C46340,Internal Peripherals
C46820,Internal Peripherals
C47060,Internal Peripherals
C48290,Internal Peripherals
C48350,Internal Peripherals
C49010,Internal Peripherals
C49250,Internal Peripherals
C50720,Internal Peripherals
C51800,Internal Peripherals
C53030,Internal Peripherals
C53540,Internal Peripherals
C54290,Internal Peripherals
C58340,Internal Peripherals
C60500,Internal Peripherals
C60620,Internal Peripherals
C61820,Internal Peripherals
C61880,Internal Peripherals
C71060,Internal Peripherals
C7220,Internal Peripherals
C73370,Internal Peripherals
C74180,Internal Peripherals
C74930,Internal Peripherals
C76640,Internal Peripherals
C8090,Internal Peripherals
C83630,Internal Peripherals
C85790,Internal Peripherals
C89870,Internal Peripherals
C95480,Internal Peripherals
C9560,Internal Peripherals
C95690,Internal Peripherals
C98480,Internal Peripherals
C99950,Internal Peripherals
