OrderDate,OrderPrice,ProductName
1997-10-01,472.500000,"Chai"
1997-10-10,72.000000,"Chai"
1998-04-07,144.000000,"Chai"
1997-01-07,144.000000,"Chai"
1997-07-25,108.000000,"Chai"
1997-10-03,540.000000,"Chai"
1997-07-07,360.000000,"Chai"
1998-02-24,342.000000,"Chai"
1997-03-17,216.000000,"Chai"
1998-02-04,720.000000,"Chai"
1997-06-23,180.000000,"Chai"
1997-07-24,54.000000,"Chai"
1998-02-26,180.000000,"Chai"
1998-04-20,180.000000,"Chai"
1996-12-03,183.599999,"Chai"
1996-08-20,518.399998,"Chai"
1996-11-14,172.800000,"Chai"
1997-01-14,345.600000,"Chai"
1996-11-07,183.599999,"Chai"
1998-03-09,378.000000,"Chai"
1998-04-06,72.000000,"Chai"
1998-03-02,810.000000,"Chai"
1997-08-27,202.500000,"Chai"
1998-04-15,162.000000,"Chai"
1997-08-12,450.000000,"Chai"
1997-05-05,122.399999,"Chai"
1997-11-04,900.000000,"Chai"
1998-02-02,305.999998,"Chai"
1998-04-07,36.000000,"Chai"
1996-08-30,259.200000,"Chai"
1998-01-22,1151.999996,"Chai"
1997-11-24,144.000000,"Chai"
1997-04-30,575.999998,"Chai"
1998-04-24,337.500000,"Chai"
1998-05-05,611.999996,"Chai"
1998-01-19,54.000000,"Chai"
1996-09-30,288.000000,"Chai"
1998-04-17,810.000000,"Chai"
1997-03-25,273.600000,"Chang"
1996-10-22,85.120000,"Chang"
1997-07-25,190.000000,"Chang"
1997-02-10,581.399996,"Chang"
1997-12-31,285.000000,"Chang"
1998-02-03,299.250000,"Chang"
1998-04-22,455.999998,"Chang"
1997-04-11,228.000000,"Chang"
1998-02-12,380.000000,"Chang"
1997-12-23,190.000000,"Chang"
1998-04-24,151.999999,"Chang"
1997-01-17,912.000000,"Chang"
1998-04-01,759.999997,"Chang"
1996-12-25,285.000000,"Chang"
1998-04-14,156.750000,"Chang"
1997-10-29,57.000000,"Chang"
1998-01-05,182.399999,"Chang"
1997-08-22,950.000000,"Chang"
1998-02-16,380.000000,"Chang"
1996-07-24,532.000000,"Chang"
1997-02-04,152.000000,"Chang"
1996-10-30,291.839999,"Chang"
1997-10-22,427.500000,"Chang"
1998-01-28,380.000000,"Chang"
1998-01-26,90.250000,"Chang"
1997-08-06,380.000000,"Chang"
1996-07-12,304.000000,"Chang"
1998-05-06,161.499999,"Chang"
1998-01-26,285.000000,"Chang"
1998-05-06,364.799999,"Chang"
1996-10-11,303.999999,"Chang"
1997-10-14,95.000000,"Chang"
1998-05-05,322.999998,"Chang"
1997-11-14,227.999999,"Chang"
1997-12-19,270.750000,"Chang"
1997-03-10,516.799996,"Chang"
1997-12-05,760.000000,"Chang"
1998-03-10,161.499999,"Chang"
1997-08-14,541.499999,"Chang"
1998-01-13,190.000000,"Chang"
1996-09-05,608.000000,"Chang"
1998-04-17,1425.000000,"Chang"
1996-07-17,607.999998,"Chang"
1998-05-05,152.000000,"Chang"
1997-07-07,140.000000,"Aniseed Syrup"
1998-01-23,490.000000,"Aniseed Syrup"
1997-12-03,180.000000,"Aniseed Syrup"
1998-01-28,300.000000,"Aniseed Syrup"
1997-03-25,144.000000,"Aniseed Syrup"
1997-11-14,200.000000,"Aniseed Syrup"
1997-05-19,600.000000,"Aniseed Syrup"
1997-01-06,400.000000,"Aniseed Syrup"
1996-08-26,240.000000,"Aniseed Syrup"
1998-05-06,40.000000,"Aniseed Syrup"
1998-04-13,250.000000,"Aniseed Syrup"
1997-10-13,60.000000,"Aniseed Syrup"
1996-10-23,285.120000,"Chef Anton's Cajun Seasoning"
1996-10-28,176.000000,"Chef Anton's Cajun Seasoning"
1997-11-03,550.000000,"Chef Anton's Cajun Seasoning"
1997-09-02,237.600000,"Chef Anton's Cajun Seasoning"
1998-01-22,462.000000,"Chef Anton's Cajun Seasoning"
1997-05-05,989.999999,"Chef Anton's Cajun Seasoning"
1997-03-04,225.279999,"Chef Anton's Cajun Seasoning"
1996-10-10,422.400000,"Chef Anton's Cajun Seasoning"
1997-04-18,934.999993,"Chef Anton's Cajun Seasoning"
1997-07-22,351.999999,"Chef Anton's Cajun Seasoning"
1996-11-01,616.000000,"Chef Anton's Cajun Seasoning"
1998-05-06,22.000000,"Chef Anton's Cajun Seasoning"
1997-08-19,550.000000,"Chef Anton's Cajun Seasoning"
1996-09-19,352.000000,"Chef Anton's Cajun Seasoning"
1998-04-06,412.500000,"Chef Anton's Cajun Seasoning"
1997-10-14,132.000000,"Chef Anton's Cajun Seasoning"
1997-05-12,1044.999999,"Chef Anton's Cajun Seasoning"
1998-02-26,495.000000,"Chef Anton's Cajun Seasoning"
1998-03-16,110.000000,"Chef Anton's Cajun Seasoning"
1997-08-18,198.000000,"Chef Anton's Cajun Seasoning"
1996-07-22,163.199999,"Chef Anton's Gumbo Mix"
1997-10-17,85.400000,"Chef Anton's Gumbo Mix"
1998-03-18,427.000000,"Chef Anton's Gumbo Mix"
1997-08-18,288.225000,"Chef Anton's Gumbo Mix"
1996-12-13,544.000000,"Chef Anton's Gumbo Mix"
1996-08-27,340.000000,"Chef Anton's Gumbo Mix"
1998-04-17,1494.500000,"Chef Anton's Gumbo Mix"
1998-01-23,640.500000,"Chef Anton's Gumbo Mix"
1996-07-17,883.999997,"Chef Anton's Gumbo Mix"
1998-04-24,480.375000,"Chef Anton's Gumbo Mix"
1998-05-06,375.000000,"Grandma's Boysenberry Spread"
1996-09-19,600.000000,"Grandma's Boysenberry Spread"
1998-02-05,1187.499999,"Grandma's Boysenberry Spread"
1998-05-06,24.500000,"Grandma's Boysenberry Spread"
1998-01-13,150.000000,"Grandma's Boysenberry Spread"
1996-10-09,120.000000,"Grandma's Boysenberry Spread"
1997-11-07,750.000000,"Grandma's Boysenberry Spread"
1997-08-01,1750.000000,"Grandma's Boysenberry Spread"
1998-03-13,300.000000,"Grandma's Boysenberry Spread"
1998-03-09,500.000000,"Grandma's Boysenberry Spread"
1998-03-16,380.000000,"Grandma's Boysenberry Spread"
1998-03-31,1000.000000,"Grandma's Boysenberry Spread"
1998-05-05,427.500000,"Uncle Bob's Organic Dried Pears"
1998-03-19,1350.000000,"Uncle Bob's Organic Dried Pears"
1997-10-06,2700.000000,"Uncle Bob's Organic Dried Pears"
1996-12-17,191.999999,"Uncle Bob's Organic Dried Pears"
1998-03-31,1800.000000,"Uncle Bob's Organic Dried Pears"
1997-07-07,300.000000,"Uncle Bob's Organic Dried Pears"
1996-07-22,360.000000,"Uncle Bob's Organic Dried Pears"
1998-01-15,539.999999,"Uncle Bob's Organic Dried Pears"
1997-04-18,1274.999991,"Uncle Bob's Organic Dried Pears"
1998-04-14,120.000000,"Uncle Bob's Organic Dried Pears"
1998-04-09,600.000000,"Uncle Bob's Organic Dried Pears"
1998-02-26,360.000000,"Uncle Bob's Organic Dried Pears"
1998-03-11,240.000000,"Uncle Bob's Organic Dried Pears"
1997-03-11,720.000000,"Uncle Bob's Organic Dried Pears"
1997-12-05,1050.000000,"Uncle Bob's Organic Dried Pears"
1997-08-15,1050.000000,"Uncle Bob's Organic Dried Pears"
1998-01-29,150.000000,"Uncle Bob's Organic Dried Pears"
1997-12-22,76.499999,"Uncle Bob's Organic Dried Pears"
1998-04-28,1200.000000,"Uncle Bob's Organic Dried Pears"
1998-03-31,1800.000000,"Uncle Bob's Organic Dried Pears"
1997-07-22,1350.000000,"Uncle Bob's Organic Dried Pears"
1998-03-27,600.000000,"Uncle Bob's Organic Dried Pears"
1998-04-06,1800.000000,"Uncle Bob's Organic Dried Pears"
1998-03-18,180.000000,"Uncle Bob's Organic Dried Pears"
1998-05-06,28.500000,"Uncle Bob's Organic Dried Pears"
1998-02-26,569.999999,"Uncle Bob's Organic Dried Pears"
1997-02-27,364.800000,"Uncle Bob's Organic Dried Pears"
1998-03-26,540.000000,"Uncle Bob's Organic Dried Pears"
1997-05-23,300.000000,"Uncle Bob's Organic Dried Pears"
1997-04-18,339.999998,"Northwoods Cranberry Sauce"
1997-10-17,1600.000000,"Northwoods Cranberry Sauce"
1998-03-26,679.999995,"Northwoods Cranberry Sauce"
1998-04-08,1200.000000,"Northwoods Cranberry Sauce"
1998-02-18,1200.000000,"Northwoods Cranberry Sauce"
1996-11-01,1680.000000,"Northwoods Cranberry Sauce"
1997-12-19,959.999996,"Northwoods Cranberry Sauce"
1997-04-30,960.000000,"Northwoods Cranberry Sauce"
1998-05-06,72.000000,"Northwoods Cranberry Sauce"
1996-11-04,2240.000000,"Northwoods Cranberry Sauce"
1997-10-07,400.000000,"Northwoods Cranberry Sauce"
1998-01-13,800.000000,"Northwoods Cranberry Sauce"
1998-03-25,640.000000,"Northwoods Cranberry Sauce"
1997-01-21,1396.799998,"Mishi Kobe Niku"
1997-10-06,582.000000,"Mishi Kobe Niku"
1998-01-23,291.000000,"Mishi Kobe Niku"
1997-04-23,1319.199991,"Mishi Kobe Niku"
1997-09-30,3637.500000,"Mishi Kobe Niku"
1998-03-04,557.999999,"Ikura"
1997-10-01,502.199999,"Ikura"
1997-06-13,155.000000,"Ikura"
1997-05-01,62.000000,"Ikura"
1998-02-06,310.000000,"Ikura"
1998-01-12,465.000000,"Ikura"
1997-09-29,620.000000,"Ikura"
1998-05-06,31.000000,"Ikura"
1997-02-18,347.200000,"Ikura"
1996-08-08,372.000000,"Ikura"
1997-12-18,310.000000,"Ikura"
1998-02-13,2170.000000,"Ikura"
1998-03-12,775.000000,"Ikura"
1996-08-05,565.439999,"Ikura"
1997-08-27,418.500000,"Ikura"
1997-04-28,471.200000,"Ikura"
1997-02-19,396.799999,"Ikura"
1998-04-14,632.399996,"Ikura"
1997-10-30,496.000000,"Ikura"
1996-11-19,595.199998,"Ikura"
1998-03-13,930.000000,"Ikura"
1998-01-27,2634.999981,"Ikura"
1997-12-12,186.000000,"Ikura"
1997-07-28,2170.000000,"Ikura"
1998-01-20,496.000000,"Ikura"
1997-12-30,1116.000000,"Ikura"
1997-10-22,558.000000,"Ikura"
1996-12-20,396.800000,"Ikura"
1997-09-22,62.000000,"Ikura"
1997-10-23,651.000000,"Ikura"
1997-09-10,632.399996,"Ikura"
1997-07-24,310.000000,"Ikura"
1997-03-18,471.200000,"Ikura"
1997-01-07,504.000000,"Queso Cabrales"
1997-08-19,210.000000,"Queso Cabrales"
1997-03-06,168.000000,"Queso Cabrales"
1997-12-09,236.250000,"Queso Cabrales"
1997-12-26,944.999999,"Queso Cabrales"
1997-10-09,315.000000,"Queso Cabrales"
1998-02-04,210.000000,"Queso Cabrales"
1996-11-13,161.279999,"Queso Cabrales"
1997-06-17,299.250000,"Queso Cabrales"
1996-09-03,201.600000,"Queso Cabrales"
1997-05-06,63.000000,"Queso Cabrales"
1997-05-13,944.999999,"Queso Cabrales"
1996-07-04,168.000000,"Queso Cabrales"
1998-01-30,525.000000,"Queso Cabrales"
1997-03-26,84.000000,"Queso Cabrales"
1996-10-11,671.999997,"Queso Cabrales"
1996-11-27,403.200000,"Queso Cabrales"
1997-03-28,189.000000,"Queso Cabrales"
1997-05-30,315.000000,"Queso Cabrales"
1997-12-25,420.000000,"Queso Cabrales"
1997-02-03,100.800000,"Queso Cabrales"
1998-01-09,378.000000,"Queso Cabrales"
1998-03-30,630.000000,"Queso Cabrales"
1997-11-03,105.000000,"Queso Cabrales"
1997-05-20,299.250000,"Queso Cabrales"
1997-06-12,624.749996,"Queso Cabrales"
1997-02-12,80.640000,"Queso Cabrales"
1998-03-31,315.000000,"Queso Cabrales"
1997-07-29,294.000000,"Queso Cabrales"
1997-05-22,210.000000,"Queso Cabrales"
1998-04-22,210.000000,"Queso Cabrales"
1998-03-12,78.750000,"Queso Cabrales"
1998-03-04,42.000000,"Queso Cabrales"
1998-02-16,840.000000,"Queso Cabrales"
1997-02-11,504.000000,"Queso Cabrales"
1998-01-20,315.000000,"Queso Cabrales"
1998-02-26,630.000000,"Queso Cabrales"
1998-05-05,210.000000,"Queso Cabrales"
1998-03-26,760.000000,"Queso Manchego La Pastora"
1997-05-21,968.999993,"Queso Manchego La Pastora"
1998-03-23,1140.000000,"Queso Manchego La Pastora"
1998-05-06,72.200000,"Queso Manchego La Pastora"
1997-09-23,3800.000000,"Queso Manchego La Pastora"
1998-04-13,760.000000,"Queso Manchego La Pastora"
1997-05-14,427.500000,"Queso Manchego La Pastora"
1997-10-07,152.000000,"Queso Manchego La Pastora"
1997-08-15,1162.799992,"Queso Manchego La Pastora"
1996-07-26,346.560000,"Queso Manchego La Pastora"
1998-04-23,721.999999,"Queso Manchego La Pastora"
1998-04-24,121.600000,"Queso Manchego La Pastora"
1997-02-07,456.000000,"Queso Manchego La Pastora"
1997-10-27,1368.000000,"Queso Manchego La Pastora"
1998-04-20,42.000000,"Konbu"
1996-10-09,57.600000,"Konbu"
1996-08-27,86.400000,"Konbu"
1998-01-14,14.400000,"Konbu"
1997-07-16,360.000000,"Konbu"
1998-03-11,90.000000,"Konbu"
1998-05-06,24.000000,"Konbu"
1997-01-21,8.640000,"Konbu"
1998-02-24,240.000000,"Konbu"
1996-12-23,86.400000,"Konbu"
1998-03-04,60.000000,"Konbu"
1997-08-15,66.300000,"Konbu"
1998-04-15,108.000000,"Konbu"
1997-04-16,60.000000,"Konbu"
1997-03-03,4.800000,"Konbu"
1997-05-05,60.000000,"Konbu"
1996-12-16,96.000000,"Konbu"
1998-02-18,159.600000,"Konbu"
1996-08-08,48.000000,"Konbu"
1998-04-06,336.000000,"Konbu"
1998-03-12,120.000000,"Konbu"
1998-01-16,36.000000,"Konbu"
1998-03-10,90.000000,"Konbu"
1998-05-05,57.000000,"Konbu"
1998-01-27,331.499998,"Konbu"
1997-07-29,43.200000,"Konbu"
1998-03-27,428.399997,"Konbu"
1997-12-26,101.999999,"Konbu"
1997-11-19,36.000000,"Konbu"
1998-03-19,462.000000,"Konbu"
1996-12-25,48.000000,"Konbu"
1998-02-20,30.000000,"Konbu"
1998-01-01,42.000000,"Konbu"
1998-04-29,180.000000,"Konbu"
1998-03-06,214.199998,"Konbu"
1998-04-17,480.000000,"Konbu"
1997-11-11,24.000000,"Konbu"
1998-01-13,60.000000,"Konbu"
1997-05-16,48.000000,"Konbu"
1998-03-11,120.000000,"Konbu"
1997-08-07,488.250000,"Tofu"
1997-06-02,557.999998,"Tofu"
1997-01-09,223.200000,"Tofu"
1997-11-07,372.000000,"Tofu"
1997-04-11,1627.500000,"Tofu"
1996-10-18,186.000000,"Tofu"
1996-07-05,167.400000,"Tofu"
1998-05-06,22.552500,"Tofu"
1997-01-27,651.000000,"Tofu"
1998-05-06,348.750000,"Tofu"
1997-06-17,217.387498,"Tofu"
1996-10-09,167.400000,"Tofu"
1997-06-26,331.312500,"Tofu"
1997-01-13,334.800000,"Tofu"
1997-09-04,62.775000,"Tofu"
1997-03-13,223.200000,"Tofu"
1997-11-21,98.812499,"Tofu"
1996-12-25,585.900000,"Tofu"
1996-12-06,279.000000,"Tofu"
1997-12-24,278.999999,"Tofu"
1997-08-08,69.750000,"Tofu"
1997-09-19,697.500000,"Tofu"
1997-04-09,176.700000,"Genen Shouyu"
1997-07-08,368.125000,"Genen Shouyu"
1997-09-04,775.000000,"Genen Shouyu"
1996-08-16,248.000000,"Genen Shouyu"
1996-10-07,62.000000,"Genen Shouyu"
1997-06-25,155.000000,"Genen Shouyu"
1996-11-21,739.479999,"Pavlova"
1997-09-18,52.350000,"Pavlova"
1998-02-27,104.700000,"Pavlova"
1998-01-27,872.500000,"Pavlova"
1998-05-06,232.085000,"Pavlova"
1997-05-28,593.299996,"Pavlova"
1997-09-24,654.375000,"Pavlova"
1997-03-10,413.524997,"Pavlova"
1997-11-12,52.350000,"Pavlova"
1998-05-01,52.350000,"Pavlova"
1998-03-02,418.800000,"Pavlova"
1997-05-30,497.324999,"Pavlova"
1998-02-26,261.750000,"Pavlova"
1998-03-17,415.309997,"Pavlova"
1997-05-30,244.300000,"Pavlova"
1997-03-28,250.200000,"Pavlova"
1998-03-30,959.750000,"Pavlova"
1997-10-27,349.000000,"Pavlova"
1997-04-23,872.500000,"Pavlova"
1997-06-18,188.460000,"Pavlova"
1997-10-16,349.000000,"Pavlova"
1996-07-23,625.500000,"Pavlova"
1998-02-05,198.930000,"Pavlova"
1996-09-20,139.000000,"Pavlova"
1997-11-05,248.662500,"Pavlova"
1998-03-06,471.149999,"Pavlova"
1998-03-30,565.379999,"Pavlova"
1998-05-06,33.853000,"Pavlova"
1997-02-10,578.934996,"Pavlova"
1996-07-12,486.500000,"Pavlova"
1997-09-17,174.500000,"Pavlova"
1997-12-24,1134.250000,"Pavlova"
1997-09-02,471.149999,"Pavlova"
1996-08-22,472.599997,"Pavlova"
1997-01-03,248.114998,"Pavlova"
1996-10-08,248.114998,"Pavlova"
1997-12-16,349.000000,"Pavlova"
1998-05-05,444.974997,"Pavlova"
1997-07-21,497.324999,"Pavlova"
1998-02-09,392.625000,"Pavlova"
1997-02-21,222.399999,"Pavlova"
1996-09-03,417.000000,"Pavlova"
1997-02-07,222.400000,"Pavlova"
1997-09-30,935.999996,"Alice Mutton"
1996-07-25,936.000000,"Alice Mutton"
1997-12-29,1170.000000,"Alice Mutton"
1997-01-15,62.400000,"Alice Mutton"
1997-05-08,1560.000000,"Alice Mutton"
1998-04-29,468.000000,"Alice Mutton"
1998-02-05,592.799999,"Alice Mutton"
1997-05-28,280.800000,"Alice Mutton"
1997-12-24,1023.750000,"Alice Mutton"
1997-01-30,1123.199996,"Alice Mutton"
1996-11-05,1010.879999,"Alice Mutton"
1998-05-01,2702.699997,"Alice Mutton"
1997-07-22,3900.000000,"Alice Mutton"
1997-02-12,312.000000,"Alice Mutton"
1997-10-22,789.750000,"Alice Mutton"
1996-10-02,249.600000,"Alice Mutton"
1996-10-28,2074.799998,"Alice Mutton"
1996-09-10,1248.000000,"Alice Mutton"
1997-10-09,296.400000,"Alice Mutton"
1996-08-30,468.000000,"Alice Mutton"
1997-10-08,780.000000,"Alice Mutton"
1998-01-26,234.000000,"Alice Mutton"
1996-08-13,351.000000,"Alice Mutton"
1998-03-24,234.000000,"Alice Mutton"
1998-02-26,468.000000,"Alice Mutton"
1997-12-11,1287.000000,"Alice Mutton"
1996-10-25,624.000000,"Alice Mutton"
1997-01-30,1170.000000,"Alice Mutton"
1998-03-13,234.000000,"Alice Mutton"
1998-02-27,390.000000,"Alice Mutton"
1998-01-30,1638.000000,"Alice Mutton"
1997-06-10,592.799999,"Alice Mutton"
1997-05-01,877.499999,"Alice Mutton"
1998-03-03,585.000000,"Alice Mutton"
1998-02-16,585.000000,"Alice Mutton"
1997-11-03,740.999999,"Alice Mutton"
1997-06-19,702.000000,"Alice Mutton"
1996-12-13,450.000000,"Carnarvon Tigers"
1996-10-29,949.999999,"Carnarvon Tigers"
1996-10-17,1599.999994,"Carnarvon Tigers"
1996-08-29,600.000000,"Carnarvon Tigers"
1997-03-11,1500.000000,"Carnarvon Tigers"
1997-10-27,562.500000,"Carnarvon Tigers"
1998-04-13,625.000000,"Carnarvon Tigers"
1997-11-27,1049.999996,"Carnarvon Tigers"
1998-03-30,450.000000,"Carnarvon Tigers"
1998-04-27,1749.999993,"Carnarvon Tigers"
1997-11-18,1500.000000,"Carnarvon Tigers"
1997-04-24,1406.249998,"Carnarvon Tigers"
1998-01-27,625.000000,"Carnarvon Tigers"
1998-04-15,500.000000,"Carnarvon Tigers"
1997-12-22,1875.000000,"Carnarvon Tigers"
1997-08-25,225.000000,"Carnarvon Tigers"
1998-01-19,1171.875000,"Carnarvon Tigers"
1997-08-20,500.000000,"Carnarvon Tigers"
1997-07-03,1999.999993,"Carnarvon Tigers"
1997-08-15,3125.000000,"Carnarvon Tigers"
1998-03-09,187.500000,"Carnarvon Tigers"
1998-03-20,375.000000,"Carnarvon Tigers"
1997-06-12,956.249993,"Carnarvon Tigers"
1998-02-09,1562.500000,"Carnarvon Tigers"
1998-01-30,1250.000000,"Carnarvon Tigers"
1996-09-13,1124.999999,"Carnarvon Tigers"
1997-08-26,1250.000000,"Carnarvon Tigers"
1997-03-26,36.500000,"Teatime Chocolate Biscuits"
1997-02-14,78.840000,"Teatime Chocolate Biscuits"
1998-05-06,69.000000,"Teatime Chocolate Biscuits"
1997-09-01,82.800000,"Teatime Chocolate Biscuits"
1997-10-21,110.400000,"Teatime Chocolate Biscuits"
1998-01-14,18.400000,"Teatime Chocolate Biscuits"
1997-08-05,46.000000,"Teatime Chocolate Biscuits"
1998-03-04,64.400000,"Teatime Chocolate Biscuits"
1997-10-20,46.000000,"Teatime Chocolate Biscuits"
1997-08-07,124.200000,"Teatime Chocolate Biscuits"
1998-05-01,386.400000,"Teatime Chocolate Biscuits"
1998-01-02,138.000000,"Teatime Chocolate Biscuits"
1996-10-15,69.350000,"Teatime Chocolate Biscuits"
1997-02-14,292.000000,"Teatime Chocolate Biscuits"
1997-08-27,276.000000,"Teatime Chocolate Biscuits"
1997-09-25,248.400000,"Teatime Chocolate Biscuits"
1996-09-06,109.500000,"Teatime Chocolate Biscuits"
1997-01-14,124.830000,"Teatime Chocolate Biscuits"
1997-12-22,437.000000,"Teatime Chocolate Biscuits"
1997-01-16,146.000000,"Teatime Chocolate Biscuits"
1997-01-21,24.820000,"Teatime Chocolate Biscuits"
1998-04-14,322.000000,"Teatime Chocolate Biscuits"
1998-04-09,437.000000,"Teatime Chocolate Biscuits"
1997-06-02,257.599999,"Teatime Chocolate Biscuits"
1997-09-22,64.400000,"Teatime Chocolate Biscuits"
1997-02-06,87.600000,"Teatime Chocolate Biscuits"
1998-03-23,110.400000,"Teatime Chocolate Biscuits"
1997-03-04,153.300000,"Teatime Chocolate Biscuits"
1998-02-26,110.400000,"Teatime Chocolate Biscuits"
1998-01-22,88.320000,"Teatime Chocolate Biscuits"
1997-05-28,92.000000,"Teatime Chocolate Biscuits"
1997-10-08,48.300000,"Teatime Chocolate Biscuits"
1997-12-30,209.760000,"Teatime Chocolate Biscuits"
1996-08-16,131.400000,"Teatime Chocolate Biscuits"
1998-02-06,230.000000,"Teatime Chocolate Biscuits"
1996-08-14,7.300000,"Teatime Chocolate Biscuits"
1996-11-04,584.000000,"Teatime Chocolate Biscuits"
1996-08-02,388.800000,"Sir Rodney's Marmalade"
1998-03-05,405.000000,"Sir Rodney's Marmalade"
1996-12-16,1814.400000,"Sir Rodney's Marmalade"
1997-09-08,1701.000000,"Sir Rodney's Marmalade"
1996-12-04,583.200000,"Sir Rodney's Marmalade"
1997-04-22,3159.000000,"Sir Rodney's Marmalade"
1998-02-10,1538.999998,"Sir Rodney's Marmalade"
1998-05-06,77.760000,"Sir Rodney's Marmalade"
1998-03-30,1215.000000,"Sir Rodney's Marmalade"
1996-08-28,1296.000000,"Sir Rodney's Marmalade"
1998-01-13,405.000000,"Sir Rodney's Marmalade"
1998-03-16,3847.499996,"Sir Rodney's Marmalade"
1997-07-09,1360.799995,"Sir Rodney's Marmalade"
1998-04-14,1215.000000,"Sir Rodney's Marmalade"
1996-07-09,2462.399997,"Sir Rodney's Marmalade"
1997-05-01,1093.499999,"Sir Rodney's Marmalade"
1996-07-18,80.000000,"Sir Rodney's Scones"
1998-03-06,360.000000,"Sir Rodney's Scones"
1997-11-06,380.000000,"Sir Rodney's Scones"
1997-08-07,225.000000,"Sir Rodney's Scones"
1997-08-22,239.999999,"Sir Rodney's Scones"
1996-11-29,36.000000,"Sir Rodney's Scones"
1998-04-01,650.000000,"Sir Rodney's Scones"
1997-07-24,60.000000,"Sir Rodney's Scones"
1997-10-24,50.000000,"Sir Rodney's Scones"
1997-01-09,96.000000,"Sir Rodney's Scones"
1997-09-25,108.000000,"Sir Rodney's Scones"
1998-03-26,339.999998,"Sir Rodney's Scones"
1998-02-06,200.000000,"Sir Rodney's Scones"
1997-02-28,240.000000,"Sir Rodney's Scones"
1997-05-28,54.000000,"Sir Rodney's Scones"
1998-04-20,135.000000,"Sir Rodney's Scones"
1998-01-30,400.000000,"Sir Rodney's Scones"
1997-04-11,120.000000,"Sir Rodney's Scones"
1997-04-22,319.999999,"Sir Rodney's Scones"
1997-12-03,400.000000,"Sir Rodney's Scones"
1997-02-25,271.999998,"Sir Rodney's Scones"
1997-03-17,126.000000,"Sir Rodney's Scones"
1996-12-27,68.000000,"Sir Rodney's Scones"
1997-07-29,80.000000,"Sir Rodney's Scones"
1998-03-05,600.000000,"Sir Rodney's Scones"
1998-03-17,120.000000,"Sir Rodney's Scones"
1997-08-04,420.000000,"Sir Rodney's Scones"
1998-04-29,30.000000,"Sir Rodney's Scones"
1996-07-19,160.000000,"Sir Rodney's Scones"
1998-02-12,380.000000,"Sir Rodney's Scones"
1997-09-05,600.000000,"Sir Rodney's Scones"
1997-01-07,216.000000,"Sir Rodney's Scones"
1996-10-18,72.000000,"Sir Rodney's Scones"
1997-11-04,300.000000,"Sir Rodney's Scones"
1998-04-22,200.000000,"Sir Rodney's Scones"
1997-01-30,400.000000,"Sir Rodney's Scones"
1997-03-24,112.000000,"Sir Rodney's Scones"
1997-05-16,150.000000,"Sir Rodney's Scones"
1997-10-24,304.000000,"Sir Rodney's Scones"
1998-04-06,525.000000,"Gustaf's Kn?ckebr?d"
1996-07-08,95.760000,"Gustaf's Kn?ckebr?d"
1997-05-30,504.000000,"Gustaf's Kn?ckebr?d"
1997-08-04,840.000000,"Gustaf's Kn?ckebr?d"
1998-01-16,1092.000000,"Gustaf's Kn?ckebr?d"
1997-09-01,315.000000,"Gustaf's Kn?ckebr?d"
1997-12-03,126.000000,"Gustaf's Kn?ckebr?d"
1997-07-18,1008.000000,"Gustaf's Kn?ckebr?d"
1997-08-28,315.000000,"Gustaf's Kn?ckebr?d"
1997-02-04,201.600000,"Gustaf's Kn?ckebr?d"
1997-08-18,840.000000,"Gustaf's Kn?ckebr?d"
1997-12-08,84.000000,"Gustaf's Kn?ckebr?d"
1998-01-21,735.000000,"Gustaf's Kn?ckebr?d"
1998-03-11,441.000000,"Gustaf's Kn?ckebr?d"
1998-01-02,162.000000,"Tunnbr?d"
1996-10-24,288.000000,"Tunnbr?d"
1997-11-20,396.000000,"Tunnbr?d"
1997-03-11,108.000000,"Tunnbr?d"
1997-09-16,288.000000,"Tunnbr?d"
1996-12-27,288.000000,"Tunnbr?d"
1997-03-03,151.200000,"Tunnbr?d"
1998-04-09,90.000000,"Tunnbr?d"
1998-05-06,18.000000,"Tunnbr?d"
1998-02-10,215.999999,"Tunnbr?d"
1998-01-21,566.999999,"Tunnbr?d"
1997-08-05,90.000000,"Tunnbr?d"
1997-04-03,72.000000,"Tunnbr?d"
1997-05-21,535.499996,"Tunnbr?d"
1997-09-18,45.000000,"Tunnbr?d"
1998-02-04,450.000000,"Tunnbr?d"
1997-05-30,171.000000,"Tunnbr?d"
1997-01-02,432.000000,"Tunnbr?d"
1996-11-07,180.000000,"Tunnbr?d"
1998-03-09,54.000000,"Tunnbr?d"
1998-04-06,101.250000,"Guaran? Fant?stica"
1998-04-09,45.000000,"Guaran? Fant?stica"
1996-07-11,45.900000,"Guaran? Fant?stica"
1997-02-14,64.800000,"Guaran? Fant?stica"
1998-02-12,54.000000,"Guaran? Fant?stica"
1997-04-07,63.000000,"Guaran? Fant?stica"
1998-04-08,54.000000,"Guaran? Fant?stica"
1996-08-29,36.000000,"Guaran? Fant?stica"
1998-02-18,45.000000,"Guaran? Fant?stica"
1997-12-26,76.499999,"Guaran? Fant?stica"
1996-11-15,90.000000,"Guaran? Fant?stica"
1998-05-05,90.000000,"Guaran? Fant?stica"
1997-08-07,13.500000,"Guaran? Fant?stica"
1998-03-03,157.500000,"Guaran? Fant?stica"
1998-01-29,135.000000,"Guaran? Fant?stica"
1998-02-12,36.000000,"Guaran? Fant?stica"
1996-08-07,41.040000,"Guaran? Fant?stica"
1997-04-21,38.250000,"Guaran? Fant?stica"
1998-02-18,495.000000,"Guaran? Fant?stica"
1996-11-20,34.200000,"Guaran? Fant?stica"
1997-08-28,57.375000,"Guaran? Fant?stica"
1998-03-23,135.000000,"Guaran? Fant?stica"
1996-11-12,36.000000,"Guaran? Fant?stica"
1997-10-07,90.000000,"Guaran? Fant?stica"
1997-10-14,157.500000,"Guaran? Fant?stica"
1998-04-03,54.000000,"Guaran? Fant?stica"
1997-03-06,100.800000,"Guaran? Fant?stica"
1998-04-27,36.000000,"Guaran? Fant?stica"
1997-08-05,22.500000,"Guaran? Fant?stica"
1997-03-12,273.600000,"Guaran? Fant?stica"
1998-03-19,33.750000,"Guaran? Fant?stica"
1998-04-28,67.500000,"Guaran? Fant?stica"
1997-06-11,101.250000,"Guaran? Fant?stica"
1998-04-17,94.500000,"Guaran? Fant?stica"
1996-12-18,54.000000,"Guaran? Fant?stica"
1997-05-19,141.750000,"Guaran? Fant?stica"
1996-12-18,54.000000,"Guaran? Fant?stica"
1996-07-23,100.800000,"Guaran? Fant?stica"
1996-08-14,21.600000,"Guaran? Fant?stica"
1997-07-11,126.000000,"Guaran? Fant?stica"
1997-03-05,90.000000,"Guaran? Fant?stica"
1998-03-12,112.500000,"Guaran? Fant?stica"
1997-06-02,64.800000,"Guaran? Fant?stica"
1997-04-29,36.000000,"Guaran? Fant?stica"
1997-12-03,90.000000,"Guaran? Fant?stica"
1998-03-26,360.000000,"Guaran? Fant?stica"
1998-03-30,90.000000,"Guaran? Fant?stica"
1997-04-25,22.500000,"Guaran? Fant?stica"
1996-08-14,43.200000,"Guaran? Fant?stica"
1998-04-16,101.250000,"Guaran? Fant?stica"
1998-02-03,20.250000,"Guaran? Fant?stica"
1997-03-06,134.400000,"NuNuCa Nu?-Nougat-Creme"
1998-04-28,210.000000,"NuNuCa Nu?-Nougat-Creme"
1997-12-01,126.000000,"NuNuCa Nu?-Nougat-Creme"
1997-04-01,638.399999,"NuNuCa Nu?-Nougat-Creme"
1996-11-06,112.000000,"NuNuCa Nu?-Nougat-Creme"
1997-04-15,226.800000,"NuNuCa Nu?-Nougat-Creme"
1996-11-25,560.000000,"NuNuCa Nu?-Nougat-Creme"
1998-01-26,133.000000,"NuNuCa Nu?-Nougat-Creme"
1996-12-25,58.800000,"NuNuCa Nu?-Nougat-Creme"
1998-01-14,112.000000,"NuNuCa Nu?-Nougat-Creme"
1997-12-30,199.500000,"NuNuCa Nu?-Nougat-Creme"
1998-01-23,237.999998,"NuNuCa Nu?-Nougat-Creme"
1998-01-19,67.200000,"NuNuCa Nu?-Nougat-Creme"
1998-02-13,70.000000,"NuNuCa Nu?-Nougat-Creme"
1998-01-01,70.000000,"NuNuCa Nu?-Nougat-Creme"
1997-12-02,367.500000,"NuNuCa Nu?-Nougat-Creme"
1996-10-07,44.800000,"NuNuCa Nu?-Nougat-Creme"
1998-03-02,336.000000,"NuNuCa Nu?-Nougat-Creme"
1997-09-22,796.364994,"Gumb?r Gummib?rchen"
1998-01-28,819.787500,"Gumb?r Gummib?rchen"
1997-02-12,373.500000,"Gumb?r Gummib?rchen"
1997-02-26,747.000000,"Gumb?r Gummib?rchen"
1997-01-31,249.000000,"Gumb?r Gummib?rchen"
1998-01-09,374.760000,"Gumb?r Gummib?rchen"
1997-07-08,148.342500,"Gumb?r Gummib?rchen"
1998-04-15,374.760000,"Gumb?r Gummib?rchen"
1997-11-28,624.600000,"Gumb?r Gummib?rchen"
1997-11-24,337.284000,"Gumb?r Gummib?rchen"
1997-10-22,936.900000,"Gumb?r Gummib?rchen"
1996-10-24,597.600000,"Gumb?r Gummib?rchen"
1997-01-22,49.800000,"Gumb?r Gummib?rchen"
1997-08-15,929.092493,"Gumb?r Gummib?rchen"
1997-02-17,149.400000,"Gumb?r Gummib?rchen"
1997-05-19,1249.200000,"Gumb?r Gummib?rchen"
1997-12-25,524.663998,"Gumb?r Gummib?rchen"
1996-12-25,1307.250000,"Gumb?r Gummib?rchen"
1998-04-14,1967.490000,"Gumb?r Gummib?rchen"
1998-02-04,624.600000,"Gumb?r Gummib?rchen"
1997-03-26,747.000000,"Gumb?r Gummib?rchen"
1997-07-02,187.380000,"Gumb?r Gummib?rchen"
1997-01-21,747.000000,"Gumb?r Gummib?rchen"
1997-09-30,468.450000,"Gumb?r Gummib?rchen"
1998-01-23,477.818997,"Gumb?r Gummib?rchen"
1998-01-06,1061.819993,"Gumb?r Gummib?rchen"
1998-03-24,156.150000,"Gumb?r Gummib?rchen"
1996-10-16,1058.249993,"Gumb?r Gummib?rchen"
1996-11-19,398.400000,"Gumb?r Gummib?rchen"
1998-04-07,187.380000,"Gumb?r Gummib?rchen"
1997-10-30,468.450000,"Gumb?r Gummib?rchen"
1997-01-03,709.649999,"Gumb?r Gummib?rchen"
1996-07-16,877.500000,"Schoggi Schokolade"
1998-01-29,439.000000,"Schoggi Schokolade"
1998-03-06,1097.500000,"Schoggi Schokolade"
1997-07-14,2195.000000,"Schoggi Schokolade"
1998-03-26,1317.000000,"Schoggi Schokolade"
1996-08-19,394.875000,"Schoggi Schokolade"
1997-12-01,1756.000000,"Schoggi Schokolade"
1997-04-23,5268.000000,"Schoggi Schokolade"
1997-02-10,1755.000000,"Schoggi Schokolade"
1997-04-09,346.560000,"R?ssle Sauerkraut"
1997-02-12,436.800000,"R?ssle Sauerkraut"
1997-04-22,1596.000000,"R?ssle Sauerkraut"
1998-03-10,364.800000,"R?ssle Sauerkraut"
1998-03-25,912.000000,"R?ssle Sauerkraut"
1997-08-28,912.000000,"R?ssle Sauerkraut"
1998-04-08,3032.399997,"R?ssle Sauerkraut"
1998-02-06,136.800000,"R?ssle Sauerkraut"
1997-04-17,136.800000,"R?ssle Sauerkraut"
1998-03-04,1231.199999,"R?ssle Sauerkraut"
1998-05-04,310.079998,"R?ssle Sauerkraut"
1996-12-09,618.799996,"R?ssle Sauerkraut"
1997-08-07,456.000000,"R?ssle Sauerkraut"
1997-11-13,182.399999,"R?ssle Sauerkraut"
1997-11-07,912.000000,"R?ssle Sauerkraut"
1996-10-02,509.600000,"R?ssle Sauerkraut"
1997-04-08,912.000000,"R?ssle Sauerkraut"
1997-12-30,1094.400000,"R?ssle Sauerkraut"
1996-12-18,218.400000,"R?ssle Sauerkraut"
1996-08-09,728.000000,"R?ssle Sauerkraut"
1997-01-07,1375.919998,"R?ssle Sauerkraut"
1997-10-01,2462.399997,"R?ssle Sauerkraut"
1997-08-25,513.000000,"R?ssle Sauerkraut"
1996-11-22,1092.000000,"R?ssle Sauerkraut"
1996-09-23,145.600000,"R?ssle Sauerkraut"
1998-04-21,912.000000,"R?ssle Sauerkraut"
1997-05-21,319.200000,"R?ssle Sauerkraut"
1997-03-13,655.200000,"R?ssle Sauerkraut"
1998-03-16,91.200000,"R?ssle Sauerkraut"
1997-02-20,546.000000,"R?ssle Sauerkraut"
1996-11-29,425.880000,"R?ssle Sauerkraut"
1996-09-10,1019.200000,"R?ssle Sauerkraut"
1997-02-26,1092.000000,"R?ssle Sauerkraut"
1998-01-15,940.803999,"Th?ringer Rostbratwurst"
1996-12-13,1386.000000,"Th?ringer Rostbratwurst"
1997-02-10,2019.599986,"Th?ringer Rostbratwurst"
1998-04-01,4642.125000,"Th?ringer Rostbratwurst"
1997-04-18,4456.440000,"Th?ringer Rostbratwurst"
1996-09-13,2227.499998,"Th?ringer Rostbratwurst"
1997-12-19,2352.009998,"Th?ringer Rostbratwurst"
1998-04-17,5570.550000,"Th?ringer Rostbratwurst"
1996-12-02,1980.000000,"Th?ringer Rostbratwurst"
1996-08-27,1485.000000,"Th?ringer Rostbratwurst"
1997-12-23,1646.406998,"Th?ringer Rostbratwurst"
1997-03-05,1603.799998,"Th?ringer Rostbratwurst"
1997-09-30,1237.900000,"Th?ringer Rostbratwurst"
1997-09-12,4456.440000,"Th?ringer Rostbratwurst"
1996-11-14,396.000000,"Th?ringer Rostbratwurst"
1996-11-22,3465.000000,"Th?ringer Rostbratwurst"
1998-04-07,185.685000,"Th?ringer Rostbratwurst"
1997-10-09,1411.205999,"Th?ringer Rostbratwurst"
1997-12-10,2228.220000,"Th?ringer Rostbratwurst"
1998-02-18,2970.960000,"Th?ringer Rostbratwurst"
1996-07-30,990.000000,"Th?ringer Rostbratwurst"
1997-12-29,1856.850000,"Th?ringer Rostbratwurst"
1997-08-12,2475.800000,"Th?ringer Rostbratwurst"
1997-06-30,1237.900000,"Th?ringer Rostbratwurst"
1997-08-07,742.740000,"Th?ringer Rostbratwurst"
1997-01-01,2079.000000,"Th?ringer Rostbratwurst"
1998-01-28,928.425000,"Th?ringer Rostbratwurst"
1998-02-19,9903.200000,"Th?ringer Rostbratwurst"
1997-10-03,4951.600000,"Th?ringer Rostbratwurst"
1998-03-24,1733.060000,"Th?ringer Rostbratwurst"
1998-02-26,5570.550000,"Th?ringer Rostbratwurst"
1998-04-08,1237.900000,"Th?ringer Rostbratwurst"
1997-12-29,485.437500,"Nord-Ost Matjeshering"
1996-09-16,207.000000,"Nord-Ost Matjeshering"
1996-07-23,931.500000,"Nord-Ost Matjeshering"
1996-08-15,124.200000,"Nord-Ost Matjeshering"
1998-03-02,25.890000,"Nord-Ost Matjeshering"
1997-06-06,517.800000,"Nord-Ost Matjeshering"
1998-04-10,388.350000,"Nord-Ost Matjeshering"
1997-04-30,414.239998,"Nord-Ost Matjeshering"
1997-05-12,258.900000,"Nord-Ost Matjeshering"
1997-05-01,258.900000,"Nord-Ost Matjeshering"
1998-02-03,776.700000,"Nord-Ost Matjeshering"
1996-10-15,157.320000,"Nord-Ost Matjeshering"
1997-12-19,310.679999,"Nord-Ost Matjeshering"
1997-03-07,165.600000,"Nord-Ost Matjeshering"
1998-02-18,906.150000,"Nord-Ost Matjeshering"
1998-05-01,77.670000,"Nord-Ost Matjeshering"
1998-02-19,932.040000,"Nord-Ost Matjeshering"
1996-12-12,335.340000,"Nord-Ost Matjeshering"
1997-11-24,776.700000,"Nord-Ost Matjeshering"
1997-11-04,388.350000,"Nord-Ost Matjeshering"
1996-10-25,310.500000,"Nord-Ost Matjeshering"
1998-02-17,368.932500,"Nord-Ost Matjeshering"
1998-03-18,776.700000,"Nord-Ost Matjeshering"
1998-01-15,491.909999,"Nord-Ost Matjeshering"
1997-09-01,38.835000,"Nord-Ost Matjeshering"
1997-01-01,372.600000,"Nord-Ost Matjeshering"
1997-10-27,58.252500,"Nord-Ost Matjeshering"
1997-11-07,388.350000,"Nord-Ost Matjeshering"
1997-08-29,776.700000,"Nord-Ost Matjeshering"
1996-10-11,579.599998,"Nord-Ost Matjeshering"
1997-05-09,388.350000,"Nord-Ost Matjeshering"
1997-02-28,434.700000,"Nord-Ost Matjeshering"
1998-02-13,437.500000,"Gorgonzola Telino"
1996-10-09,40.000000,"Gorgonzola Telino"
1996-12-05,300.000000,"Gorgonzola Telino"
1996-08-05,142.500000,"Gorgonzola Telino"
1997-12-15,190.000000,"Gorgonzola Telino"
1998-04-10,187.500000,"Gorgonzola Telino"
1998-03-11,412.500000,"Gorgonzola Telino"
1996-10-22,199.999999,"Gorgonzola Telino"
1997-11-19,100.000000,"Gorgonzola Telino"
1998-01-12,437.500000,"Gorgonzola Telino"
1998-01-15,101.250000,"Gorgonzola Telino"
1997-02-14,27.000000,"Gorgonzola Telino"
1998-03-16,593.749999,"Gorgonzola Telino"
1997-06-30,593.749999,"Gorgonzola Telino"
1997-12-08,625.000000,"Gorgonzola Telino"
1997-09-24,187.500000,"Gorgonzola Telino"
1996-10-30,447.999998,"Gorgonzola Telino"
1997-12-11,699.999997,"Gorgonzola Telino"
1997-06-23,250.000000,"Gorgonzola Telino"
1998-01-27,175.000000,"Gorgonzola Telino"
1996-11-18,300.000000,"Gorgonzola Telino"
1997-09-15,90.000000,"Gorgonzola Telino"
1997-05-27,584.374996,"Gorgonzola Telino"
1997-06-12,599.999998,"Gorgonzola Telino"
1997-09-05,237.500000,"Gorgonzola Telino"
1998-03-17,265.624998,"Gorgonzola Telino"
1997-12-18,125.000000,"Gorgonzola Telino"
1996-12-23,539.999999,"Gorgonzola Telino"
1996-11-26,200.000000,"Gorgonzola Telino"
1998-01-02,180.000000,"Gorgonzola Telino"
1997-03-14,297.499998,"Gorgonzola Telino"
1997-10-15,250.000000,"Gorgonzola Telino"
1997-04-04,190.000000,"Gorgonzola Telino"
1996-12-25,320.000000,"Gorgonzola Telino"
1998-03-12,125.000000,"Gorgonzola Telino"
1997-11-05,35.625000,"Gorgonzola Telino"
1998-03-26,300.000000,"Gorgonzola Telino"
1996-11-21,664.999999,"Gorgonzola Telino"
1998-05-05,250.000000,"Gorgonzola Telino"
1997-05-14,375.000000,"Gorgonzola Telino"
1997-05-30,375.000000,"Gorgonzola Telino"
1997-12-11,18.750000,"Gorgonzola Telino"
1997-12-17,12.500000,"Gorgonzola Telino"
1997-01-23,140.000000,"Gorgonzola Telino"
1997-06-10,71.250000,"Gorgonzola Telino"
1997-06-16,349.999999,"Gorgonzola Telino"
1996-08-02,400.000000,"Gorgonzola Telino"
1997-05-14,250.000000,"Gorgonzola Telino"
1997-10-29,625.000000,"Gorgonzola Telino"
1996-12-09,399.000000,"Gorgonzola Telino"
1996-07-10,200.000000,"Gorgonzola Telino"
1998-02-27,192.000000,"Mascarpone Fabioli"
1998-03-30,1007.999999,"Mascarpone Fabioli"
1997-06-18,288.000000,"Mascarpone Fabioli"
1997-05-23,652.799995,"Mascarpone Fabioli"
1997-11-28,320.000000,"Mascarpone Fabioli"
1997-10-15,128.000000,"Mascarpone Fabioli"
1997-04-22,1279.999995,"Mascarpone Fabioli"
1998-04-03,1600.000000,"Mascarpone Fabioli"
1996-09-25,921.599999,"Mascarpone Fabioli"
1996-10-22,122.880000,"Mascarpone Fabioli"
1996-07-17,122.880000,"Mascarpone Fabioli"
1998-04-27,640.000000,"Mascarpone Fabioli"
1998-01-07,640.000000,"Mascarpone Fabioli"
1998-04-23,456.000000,"Mascarpone Fabioli"
1998-05-06,32.000000,"Mascarpone Fabioli"
1997-06-19,35.000000,"Geitost"
1998-02-26,75.000000,"Geitost"
1997-03-13,24.000000,"Geitost"
1996-07-31,114.000000,"Geitost"
1998-01-23,8.500000,"Geitost"
1997-08-14,47.500000,"Geitost"
1997-09-22,17.000000,"Geitost"
1997-09-25,75.000000,"Geitost"
1997-02-21,32.000000,"Geitost"
1998-01-30,87.500000,"Geitost"
1997-05-14,75.000000,"Geitost"
1998-04-15,75.000000,"Geitost"
1997-05-06,16.000000,"Geitost"
1997-09-23,75.000000,"Geitost"
1998-01-05,40.000000,"Geitost"
1996-10-29,16.000000,"Geitost"
1997-04-23,34.000000,"Geitost"
1996-08-01,48.000000,"Geitost"
1997-06-09,45.000000,"Geitost"
1997-01-14,100.000000,"Geitost"
1996-07-09,47.500000,"Geitost"
1996-08-05,40.000000,"Geitost"
1997-07-22,35.000000,"Geitost"
1998-04-28,25.000000,"Geitost"
1997-05-16,37.500000,"Geitost"
1996-12-13,120.000000,"Geitost"
1997-01-15,40.000000,"Geitost"
1998-03-16,35.625000,"Geitost"
1997-01-10,98.000000,"Geitost"
1998-04-23,37.500000,"Geitost"
1998-02-27,75.000000,"Geitost"
1998-03-24,17.500000,"Geitost"
1996-09-26,156.800000,"Sasquatch Ale"
1996-08-22,224.000000,"Sasquatch Ale"
1996-11-20,106.400000,"Sasquatch Ale"
1998-04-01,713.999995,"Sasquatch Ale"
1997-02-06,179.199999,"Sasquatch Ale"
1998-04-08,1196.999999,"Sasquatch Ale"
1998-05-01,490.000000,"Sasquatch Ale"
1996-11-28,403.200000,"Sasquatch Ale"
1997-11-27,420.000000,"Sasquatch Ale"
1998-04-30,420.000000,"Sasquatch Ale"
1997-10-01,196.000000,"Sasquatch Ale"
1997-05-26,105.000000,"Sasquatch Ale"
1997-10-10,134.399999,"Sasquatch Ale"
1997-12-30,140.000000,"Sasquatch Ale"
1996-12-18,112.000000,"Sasquatch Ale"
1997-06-19,560.000000,"Sasquatch Ale"
1998-03-10,280.000000,"Sasquatch Ale"
1997-03-24,372.400000,"Sasquatch Ale"
1998-02-16,140.000000,"Sasquatch Ale"
1996-10-08,856.799994,"Steeleye Stout"
1998-01-16,108.000000,"Steeleye Stout"
1997-07-02,360.000000,"Steeleye Stout"
1998-01-21,405.000000,"Steeleye Stout"
1997-10-08,121.500000,"Steeleye Stout"
1998-04-23,307.800000,"Steeleye Stout"
1997-01-01,504.000000,"Steeleye Stout"
1997-01-23,691.199997,"Steeleye Stout"
1998-02-04,54.000000,"Steeleye Stout"
1998-02-04,540.000000,"Steeleye Stout"
1997-10-28,378.000000,"Steeleye Stout"
1997-05-28,305.999998,"Steeleye Stout"
1998-02-02,72.000000,"Steeleye Stout"
1996-10-03,144.000000,"Steeleye Stout"
1996-08-21,1440.000000,"Steeleye Stout"
1997-06-24,360.000000,"Steeleye Stout"
1996-07-19,288.000000,"Steeleye Stout"
1997-12-22,270.000000,"Steeleye Stout"
1998-03-18,720.000000,"Steeleye Stout"
1997-04-29,54.000000,"Steeleye Stout"
1997-05-30,108.000000,"Steeleye Stout"
1997-02-12,115.200000,"Steeleye Stout"
1998-01-08,360.000000,"Steeleye Stout"
1996-08-14,57.600000,"Steeleye Stout"
1998-04-21,432.000000,"Steeleye Stout"
1996-12-23,518.399999,"Steeleye Stout"
1997-05-23,540.000000,"Steeleye Stout"
1996-12-30,432.000000,"Steeleye Stout"
1998-01-14,144.000000,"Steeleye Stout"
1998-04-20,1080.000000,"Steeleye Stout"
1998-04-06,229.499998,"Steeleye Stout"
1998-03-03,180.000000,"Steeleye Stout"
1997-11-13,503.999998,"Steeleye Stout"
1997-07-10,405.000000,"Steeleye Stout"
1997-08-07,485.999999,"Steeleye Stout"
1997-07-04,72.000000,"Steeleye Stout"
1997-09-30,85.500000,"Inlagd Sill"
1997-11-12,114.000000,"Inlagd Sill"
1997-01-07,68.400000,"Inlagd Sill"
1997-05-02,570.000000,"Inlagd Sill"
1998-01-19,712.500000,"Inlagd Sill"
1997-10-27,760.000000,"Inlagd Sill"
1997-07-28,1045.000000,"Inlagd Sill"
1998-02-18,380.000000,"Inlagd Sill"
1998-04-10,304.000000,"Inlagd Sill"
1997-10-17,95.000000,"Inlagd Sill"
1997-06-10,475.000000,"Inlagd Sill"
1996-08-01,456.000000,"Inlagd Sill"
1997-12-18,570.000000,"Inlagd Sill"
1996-12-03,72.960000,"Inlagd Sill"
1997-11-27,303.999999,"Inlagd Sill"
1997-07-25,299.250000,"Inlagd Sill"
1998-04-17,665.000000,"Inlagd Sill"
1996-11-20,288.800000,"Inlagd Sill"
1996-07-12,380.000000,"Inlagd Sill"
1996-09-24,182.400000,"Inlagd Sill"
1997-05-05,512.999999,"Inlagd Sill"
1998-03-04,403.749997,"Inlagd Sill"
1997-08-26,285.000000,"Inlagd Sill"
1997-09-15,570.000000,"Inlagd Sill"
1996-10-30,486.399998,"Inlagd Sill"
1998-03-09,455.999998,"Inlagd Sill"
1997-05-23,1140.000000,"Inlagd Sill"
1998-03-30,760.000000,"Inlagd Sill"
1998-04-08,256.500000,"Inlagd Sill"
1996-10-24,304.000000,"Inlagd Sill"
1996-09-05,456.000000,"Inlagd Sill"
1998-01-22,1247.999995,"Gravad lax"
1996-10-24,582.400000,"Gravad lax"
1997-05-01,421.200000,"Gravad lax"
1998-03-20,208.000000,"Gravad lax"
1997-01-08,208.000000,"Gravad lax"
1996-07-18,20.800000,"Gravad lax"
1997-07-31,3754.874996,"C?te de Blaye"
1996-12-04,6324.000000,"C?te de Blaye"
1996-10-15,4005.199996,"C?te de Blaye"
1998-01-06,7509.749992,"C?te de Blaye"
1998-03-27,15810.000000,"C?te de Blaye"
1997-05-19,948.599999,"C?te de Blaye"
1998-01-13,527.000000,"C?te de Blaye"
1997-03-19,6324.000000,"C?te de Blaye"
1998-01-14,2108.000000,"C?te de Blaye"
1996-11-11,4005.199996,"C?te de Blaye"
1998-03-20,1317.500000,"C?te de Blaye"
1998-02-16,10540.000000,"C?te de Blaye"
1998-02-02,15019.499984,"C?te de Blaye"
1997-12-30,2635.000000,"C?te de Blaye"
1997-01-23,8263.359969,"C?te de Blaye"
1997-01-16,10540.000000,"C?te de Blaye"
1998-01-06,7905.000000,"C?te de Blaye"
1996-11-22,2108.000000,"C?te de Blaye"
1998-04-17,6587.500000,"C?te de Blaye"
1997-09-17,3557.249996,"C?te de Blaye"
1997-04-25,3952.500000,"C?te de Blaye"
1997-05-19,7905.000000,"C?te de Blaye"
1997-12-18,1317.500000,"C?te de Blaye"
1996-11-13,8431.999968,"C?te de Blaye"
1997-04-16,180.000000,"Chartreuse verte"
1997-02-13,86.400000,"Chartreuse verte"
1997-12-02,288.000000,"Chartreuse verte"
1997-12-03,2105.999998,"Chartreuse verte"
1997-02-24,288.000000,"Chartreuse verte"
1996-10-07,57.600000,"Chartreuse verte"
1996-07-10,604.800000,"Chartreuse verte"
1997-09-09,43.200000,"Chartreuse verte"
1998-02-18,810.000000,"Chartreuse verte"
1998-02-02,1367.999999,"Chartreuse verte"
1997-09-02,324.000000,"Chartreuse verte"
1996-11-22,699.839999,"Chartreuse verte"
1996-09-13,388.800000,"Chartreuse verte"
1996-09-04,864.000000,"Chartreuse verte"
1996-12-09,244.799998,"Chartreuse verte"
1997-12-18,30.600000,"Chartreuse verte"
1997-06-23,180.000000,"Chartreuse verte"
1998-01-13,504.000000,"Chartreuse verte"
1997-03-17,216.000000,"Chartreuse verte"
1998-01-19,143.999999,"Chartreuse verte"
1998-03-26,540.000000,"Chartreuse verte"
1997-07-29,90.000000,"Chartreuse verte"
1998-05-04,360.000000,"Chartreuse verte"
1996-11-06,611.999996,"Chartreuse verte"
1997-08-27,360.000000,"Chartreuse verte"
1997-08-25,283.500000,"Chartreuse verte"
1998-02-20,122.399999,"Chartreuse verte"
1998-05-06,34.200000,"Chartreuse verte"
1996-07-16,86.400000,"Chartreuse verte"
1998-01-12,378.000000,"Chartreuse verte"
1997-11-17,735.999997,"Boston Crab Meat"
1997-06-19,36.800000,"Boston Crab Meat"
1998-04-06,184.000000,"Boston Crab Meat"
1998-04-21,73.600000,"Boston Crab Meat"
1997-11-20,736.000000,"Boston Crab Meat"
1997-07-22,772.800000,"Boston Crab Meat"
1997-02-17,294.000000,"Boston Crab Meat"
1997-09-05,1223.599999,"Boston Crab Meat"
1996-08-05,837.899999,"Boston Crab Meat"
1996-08-20,470.399998,"Boston Crab Meat"
1997-01-07,26.460000,"Boston Crab Meat"
1997-11-04,110.400000,"Boston Crab Meat"
1998-02-10,220.800000,"Boston Crab Meat"
1997-03-13,308.700000,"Boston Crab Meat"
1997-09-26,368.000000,"Boston Crab Meat"
1998-03-26,184.000000,"Boston Crab Meat"
1997-11-25,55.200000,"Boston Crab Meat"
1997-09-05,419.520000,"Boston Crab Meat"
1998-03-02,368.000000,"Boston Crab Meat"
1998-01-02,552.000000,"Boston Crab Meat"
1997-04-30,367.999999,"Boston Crab Meat"
1997-05-12,147.199999,"Boston Crab Meat"
1997-03-21,147.000000,"Boston Crab Meat"
1998-01-06,938.399993,"Boston Crab Meat"
1998-04-30,662.399999,"Boston Crab Meat"
1997-04-07,92.000000,"Boston Crab Meat"
1997-08-22,1104.000000,"Boston Crab Meat"
1996-09-11,529.199999,"Boston Crab Meat"
1997-12-31,18.400000,"Boston Crab Meat"
1996-07-29,735.000000,"Boston Crab Meat"
1996-11-06,58.800000,"Boston Crab Meat"
1998-02-18,1674.400000,"Boston Crab Meat"
1997-03-24,147.000000,"Boston Crab Meat"
1997-01-30,551.250000,"Boston Crab Meat"
1997-09-10,524.399999,"Boston Crab Meat"
1997-05-02,248.400000,"Boston Crab Meat"
1997-06-18,920.000000,"Boston Crab Meat"
1998-01-16,460.000000,"Boston Crab Meat"
1997-05-13,165.600000,"Boston Crab Meat"
1996-09-09,147.000000,"Boston Crab Meat"
1997-03-05,294.000000,"Boston Crab Meat"
1997-04-03,154.000000,"Jack's New England Clam Chowder"
1996-10-29,87.780000,"Jack's New England Clam Chowder"
1997-12-08,275.025000,"Jack's New England Clam Chowder"
1998-03-31,38.600000,"Jack's New England Clam Chowder"
1997-11-11,115.800000,"Jack's New England Clam Chowder"
1997-12-16,96.500000,"Jack's New England Clam Chowder"
1998-04-01,253.312500,"Jack's New England Clam Chowder"
1998-04-30,260.550000,"Jack's New England Clam Chowder"
1996-07-24,163.624999,"Jack's New England Clam Chowder"
1998-02-26,48.250000,"Jack's New England Clam Chowder"
1998-03-16,55.005000,"Jack's New England Clam Chowder"
1998-01-05,193.000000,"Jack's New England Clam Chowder"
1998-03-19,231.600000,"Jack's New England Clam Chowder"
1997-09-29,38.600000,"Jack's New England Clam Chowder"
1998-05-06,28.950000,"Jack's New England Clam Chowder"
1997-04-29,96.500000,"Jack's New England Clam Chowder"
1996-09-27,77.000000,"Jack's New England Clam Chowder"
1997-04-24,694.799999,"Jack's New England Clam Chowder"
1998-05-05,386.000000,"Jack's New England Clam Chowder"
1997-09-04,231.600000,"Jack's New England Clam Chowder"
1998-04-03,183.350000,"Jack's New England Clam Chowder"
1996-11-11,100.100000,"Jack's New England Clam Chowder"
1998-01-07,193.000000,"Jack's New England Clam Chowder"
1998-05-04,86.850000,"Jack's New England Clam Chowder"
1997-05-01,52.110000,"Jack's New England Clam Chowder"
1998-01-09,115.800000,"Jack's New England Clam Chowder"
1998-02-23,289.500000,"Jack's New England Clam Chowder"
1996-07-08,77.000000,"Jack's New England Clam Chowder"
1998-03-24,57.900000,"Jack's New England Clam Chowder"
1997-11-19,337.750000,"Jack's New England Clam Chowder"
1998-02-16,135.100000,"Jack's New England Clam Chowder"
1997-06-26,82.507500,"Jack's New England Clam Chowder"
1998-04-10,243.180000,"Jack's New England Clam Chowder"
1997-06-05,110.010000,"Jack's New England Clam Chowder"
1997-12-23,183.350000,"Jack's New England Clam Chowder"
1996-10-01,154.000000,"Jack's New England Clam Chowder"
1997-05-26,135.100000,"Jack's New England Clam Chowder"
1996-12-11,55.440000,"Jack's New England Clam Chowder"
1997-01-10,153.999999,"Jack's New England Clam Chowder"
1997-12-24,135.100000,"Jack's New England Clam Chowder"
1997-09-03,154.399999,"Jack's New England Clam Chowder"
1996-07-19,92.400000,"Jack's New England Clam Chowder"
1997-10-31,115.800000,"Jack's New England Clam Chowder"
1997-09-23,1158.000000,"Jack's New England Clam Chowder"
1997-02-12,231.000000,"Jack's New England Clam Chowder"
1997-10-21,405.300000,"Jack's New England Clam Chowder"
1998-05-01,115.800000,"Jack's New England Clam Chowder"
1998-01-28,280.000000,"Singaporean Hokkien Fried Mee"
1997-11-19,392.000000,"Singaporean Hokkien Fried Mee"
1998-01-21,529.199999,"Singaporean Hokkien Fried Mee"
1997-09-18,84.000000,"Singaporean Hokkien Fried Mee"
1997-04-07,420.000000,"Singaporean Hokkien Fried Mee"
1997-09-01,280.000000,"Singaporean Hokkien Fried Mee"
1997-09-24,420.000000,"Singaporean Hokkien Fried Mee"
1996-11-04,100.800000,"Singaporean Hokkien Fried Mee"
1997-07-03,1119.999996,"Singaporean Hokkien Fried Mee"
1997-12-15,223.999999,"Singaporean Hokkien Fried Mee"
1996-09-20,67.200000,"Singaporean Hokkien Fried Mee"
1998-04-20,420.000000,"Singaporean Hokkien Fried Mee"
1997-08-08,70.000000,"Singaporean Hokkien Fried Mee"
1997-03-04,560.000000,"Singaporean Hokkien Fried Mee"
1996-10-17,89.600000,"Singaporean Hokkien Fried Mee"
1997-12-15,159.600000,"Singaporean Hokkien Fried Mee"
1998-04-08,196.000000,"Singaporean Hokkien Fried Mee"
1997-06-17,333.199998,"Singaporean Hokkien Fried Mee"
1997-09-10,399.000000,"Singaporean Hokkien Fried Mee"
1998-04-09,56.000000,"Singaporean Hokkien Fried Mee"
1996-09-19,22.400000,"Singaporean Hokkien Fried Mee"
1998-04-06,285.599998,"Singaporean Hokkien Fried Mee"
1997-01-03,425.600000,"Singaporean Hokkien Fried Mee"
1997-04-01,212.800000,"Singaporean Hokkien Fried Mee"
1997-12-05,28.000000,"Singaporean Hokkien Fried Mee"
1998-04-02,560.000000,"Singaporean Hokkien Fried Mee"
1998-03-03,112.000000,"Singaporean Hokkien Fried Mee"
1996-07-04,98.000000,"Singaporean Hokkien Fried Mee"
1997-04-24,280.000000,"Singaporean Hokkien Fried Mee"
1998-02-11,350.000000,"Singaporean Hokkien Fried Mee"
1997-04-15,586.499996,"Ipoh Coffee"
1998-04-14,1380.000000,"Ipoh Coffee"
1998-03-10,828.000000,"Ipoh Coffee"
1996-09-10,441.600000,"Ipoh Coffee"
1997-03-07,552.000000,"Ipoh Coffee"
1996-10-29,1398.399999,"Ipoh Coffee"
1998-03-27,414.000000,"Ipoh Coffee"
1998-01-05,781.999994,"Ipoh Coffee"
1998-03-03,367.999999,"Ipoh Coffee"
1998-05-04,1407.599990,"Ipoh Coffee"
1998-01-14,414.000000,"Ipoh Coffee"
1998-01-20,230.000000,"Ipoh Coffee"
1997-05-01,2760.000000,"Ipoh Coffee"
1996-08-30,552.000000,"Ipoh Coffee"
1998-04-27,1103.999996,"Ipoh Coffee"
1996-09-19,736.000000,"Ipoh Coffee"
1997-10-03,1840.000000,"Ipoh Coffee"
1996-09-23,883.200000,"Ipoh Coffee"
1997-10-16,1104.000000,"Ipoh Coffee"
1998-03-31,276.000000,"Ipoh Coffee"
1997-03-04,110.400000,"Ipoh Coffee"
1997-12-01,1035.000000,"Ipoh Coffee"
1997-09-18,276.000000,"Ipoh Coffee"
1997-05-08,1150.000000,"Ipoh Coffee"
1997-02-26,736.000000,"Ipoh Coffee"
1997-08-25,920.000000,"Ipoh Coffee"
1996-08-01,920.000000,"Ipoh Coffee"
1998-01-07,322.000000,"Ipoh Coffee"
1998-03-12,262.575000,"Gula Malacca"
1998-01-14,248.959999,"Gula Malacca"
1996-08-19,325.500000,"Gula Malacca"
1996-08-12,248.000000,"Gula Malacca"
1997-03-31,197.624999,"Gula Malacca"
1998-03-26,99.194999,"Gula Malacca"
1997-10-03,466.800000,"Gula Malacca"
1997-04-25,175.050000,"Gula Malacca"
1997-01-10,495.999998,"Gula Malacca"
1997-06-06,194.500000,"Gula Malacca"
1998-04-22,291.750000,"Gula Malacca"
1997-06-23,408.450000,"Gula Malacca"
1997-09-04,490.139999,"Gula Malacca"
1997-09-22,408.450000,"Gula Malacca"
1997-11-18,311.200000,"Gula Malacca"
1997-05-28,778.000000,"Gula Malacca"
1996-08-27,334.800000,"Gula Malacca"
1997-10-29,923.874999,"Gula Malacca"
1997-02-20,1472.499998,"Gula Malacca"
1997-08-07,194.500000,"Gula Malacca"
1996-11-11,1133.824999,"Gula Malacca"
1997-12-25,194.500000,"Gula Malacca"
1997-03-10,26.350000,"Gula Malacca"
1998-04-20,233.400000,"Gula Malacca"
1998-02-19,142.500000,"R?gede sild"
1996-12-19,91.200000,"R?gede sild"
1997-11-13,303.999999,"R?gede sild"
1997-03-05,205.200000,"R?gede sild"
1998-04-09,190.000000,"R?gede sild"
1997-11-25,38.000000,"R?gede sild"
1997-12-15,243.675000,"R?gede sild"
1998-03-17,285.000000,"R?gede sild"
1997-10-22,1045.000000,"R?gede sild"
1997-05-27,807.499994,"R?gede sild"
1998-01-22,273.599999,"R?gede sild"
1997-11-21,322.999998,"R?gede sild"
1997-08-20,190.000000,"R?gede sild"
1997-04-10,199.500000,"R?gede sild"
1998-04-13,36.000000,"Spegesild"
1997-04-21,91.799999,"Spegesild"
1996-08-22,122.399999,"Spegesild"
1996-10-08,288.000000,"Spegesild"
1998-04-06,300.000000,"Spegesild"
1997-09-16,720.000000,"Spegesild"
1997-09-04,540.000000,"Spegesild"
1997-08-25,226.800000,"Spegesild"
1997-10-22,288.000000,"Spegesild"
1997-11-17,319.200000,"Spegesild"
1996-12-23,432.000000,"Spegesild"
1997-01-28,192.000000,"Spegesild"
1997-02-27,182.400000,"Spegesild"
1997-02-21,76.800000,"Spegesild"
1998-01-05,420.000000,"Spegesild"
1997-10-08,216.000000,"Spegesild"
1997-02-05,48.000000,"Spegesild"
1998-02-09,252.000000,"Spegesild"
1998-05-06,35.280000,"Spegesild"
1998-03-11,180.000000,"Spegesild"
1998-05-06,305.999998,"Spegesild"
1998-03-23,108.000000,"Spegesild"
1997-08-25,18.000000,"Spegesild"
1996-12-26,241.920000,"Spegesild"
1997-03-06,48.000000,"Spegesild"
1997-01-16,14.400000,"Spegesild"
1998-04-03,180.000000,"Spegesild"
1997-01-17,418.000000,"Zaanse koeken"
1997-10-20,47.500000,"Zaanse koeken"
1997-06-04,237.500000,"Zaanse koeken"
1997-01-30,171.000000,"Zaanse koeken"
1997-07-01,142.500000,"Zaanse koeken"
1997-10-09,114.000000,"Zaanse koeken"
1997-09-04,51.300000,"Zaanse koeken"
1998-01-16,285.000000,"Zaanse koeken"
1998-03-26,285.000000,"Zaanse koeken"
1998-03-17,133.000000,"Zaanse koeken"
1997-09-04,95.000000,"Zaanse koeken"
1997-04-21,48.450000,"Zaanse koeken"
1997-09-26,380.000000,"Zaanse koeken"
1996-10-17,97.280000,"Zaanse koeken"
1997-11-26,213.750000,"Zaanse koeken"
1997-10-22,356.250000,"Zaanse koeken"
1998-02-06,179.550000,"Zaanse koeken"
1997-12-02,285.000000,"Zaanse koeken"
1998-03-05,47.500000,"Zaanse koeken"
1997-09-29,142.500000,"Zaanse koeken"
1997-03-20,228.000000,"Zaanse koeken"
1997-10-14,306.000000,"Chocolade"
1997-02-21,137.700000,"Chocolade"
1997-07-18,68.850000,"Chocolade"
1998-01-05,86.699999,"Chocolade"
1997-04-15,162.562499,"Chocolade"
1997-01-03,606.899996,"Chocolade"
1998-03-11,560.000000,"Maxilaku"
1996-07-10,640.000000,"Maxilaku"
1996-09-12,480.000000,"Maxilaku"
1998-02-26,200.000000,"Maxilaku"
1997-01-01,480.000000,"Maxilaku"
1998-03-23,800.000000,"Maxilaku"
1997-05-16,120.000000,"Maxilaku"
1997-01-03,456.000000,"Maxilaku"
1996-11-22,560.000000,"Maxilaku"
1997-07-18,475.000000,"Maxilaku"
1997-03-20,384.000000,"Maxilaku"
1998-04-21,1200.000000,"Maxilaku"
1998-04-13,40.000000,"Maxilaku"
1997-07-28,360.000000,"Maxilaku"
1997-04-08,500.000000,"Maxilaku"
1998-02-11,339.999998,"Maxilaku"
1997-02-25,285.599998,"Maxilaku"
1998-02-04,755.999999,"Maxilaku"
1998-02-06,300.000000,"Maxilaku"
1997-12-30,68.000000,"Maxilaku"
1996-08-27,240.000000,"Maxilaku"
1996-12-16,195.000000,"Valkoinen suklaa"
1998-05-05,357.500000,"Valkoinen suklaa"
1997-11-24,292.500000,"Valkoinen suklaa"
1998-03-03,390.000000,"Valkoinen suklaa"
1997-08-19,385.937500,"Valkoinen suklaa"
1996-11-11,175.500000,"Valkoinen suklaa"
1997-03-05,325.000000,"Valkoinen suklaa"
1998-03-13,146.250000,"Valkoinen suklaa"
1997-11-04,650.000000,"Valkoinen suklaa"
1997-01-29,520.000000,"Valkoinen suklaa"
1998-03-26,530.000000,"Manjimup Dried Apples"
1998-02-04,106.000000,"Manjimup Dried Apples"
1998-03-13,2120.000000,"Manjimup Dried Apples"
1997-03-26,1060.000000,"Manjimup Dried Apples"
1998-04-23,1272.000000,"Manjimup Dried Apples"
1998-04-15,530.000000,"Manjimup Dried Apples"
1998-01-29,159.000000,"Manjimup Dried Apples"
1997-08-15,795.000000,"Manjimup Dried Apples"
1997-03-24,127.200000,"Manjimup Dried Apples"
1997-09-10,1006.999999,"Manjimup Dried Apples"
1997-06-12,159.000000,"Manjimup Dried Apples"
1997-06-06,2650.000000,"Manjimup Dried Apples"
1996-10-22,1628.159994,"Manjimup Dried Apples"
1997-05-27,2162.399985,"Manjimup Dried Apples"
1996-12-27,648.719995,"Manjimup Dried Apples"
1997-11-06,1510.499998,"Manjimup Dried Apples"
1997-09-11,1060.000000,"Manjimup Dried Apples"
1998-04-14,1749.000000,"Manjimup Dried Apples"
1997-12-02,1484.000000,"Manjimup Dried Apples"
1997-06-04,1060.000000,"Manjimup Dried Apples"
1997-03-12,763.200000,"Manjimup Dried Apples"
1998-01-08,318.000000,"Manjimup Dried Apples"
1998-04-02,1060.000000,"Manjimup Dried Apples"
1998-04-28,1060.000000,"Manjimup Dried Apples"
1996-07-05,1696.000000,"Manjimup Dried Apples"
1996-08-27,76.320000,"Manjimup Dried Apples"
1996-11-25,848.000000,"Manjimup Dried Apples"
1997-12-29,1192.500000,"Manjimup Dried Apples"
1998-03-17,424.000000,"Manjimup Dried Apples"
1998-01-21,159.000000,"Manjimup Dried Apples"
1996-07-08,1261.399991,"Manjimup Dried Apples"
1997-12-26,476.999999,"Manjimup Dried Apples"
1997-10-24,371.000000,"Manjimup Dried Apples"
1998-04-03,755.249999,"Manjimup Dried Apples"
1997-05-14,318.000000,"Manjimup Dried Apples"
1997-12-15,6041.999994,"Manjimup Dried Apples"
1998-03-20,848.000000,"Manjimup Dried Apples"
1997-10-17,1484.000000,"Manjimup Dried Apples"
1997-06-02,847.999997,"Manjimup Dried Apples"
1997-09-26,63.000000,"Filo Mix"
1998-05-06,14.000000,"Filo Mix"
1996-12-19,89.600000,"Filo Mix"
1997-08-05,35.000000,"Filo Mix"
1997-02-14,75.600000,"Filo Mix"
1997-04-24,42.000000,"Filo Mix"
1996-10-04,112.000000,"Filo Mix"
1997-06-04,210.000000,"Filo Mix"
1996-10-21,44.800000,"Filo Mix"
1997-11-12,126.000000,"Filo Mix"
1998-01-30,56.000000,"Filo Mix"
1998-03-24,223.999999,"Filo Mix"
1997-07-02,23.800000,"Filo Mix"
1997-06-10,490.000000,"Filo Mix"
1998-03-05,35.000000,"Filo Mix"
1997-12-24,56.000000,"Filo Mix"
1997-11-07,175.000000,"Filo Mix"
1998-04-21,14.000000,"Filo Mix"
1997-02-18,112.000000,"Filo Mix"
1998-03-19,39.900000,"Filo Mix"
1998-03-04,71.399999,"Filo Mix"
1997-10-31,28.000000,"Filo Mix"
1998-01-01,140.000000,"Filo Mix"
1998-02-26,93.100000,"Filo Mix"
1998-04-06,70.000000,"Filo Mix"
1997-12-08,99.750000,"Filo Mix"
1997-11-28,420.000000,"Filo Mix"
1998-04-03,105.000000,"Filo Mix"
1997-07-09,168.000000,"Filo Mix"
1998-04-17,2066.399998,"Perth Pasties"
1998-03-06,65.600000,"Perth Pasties"
1997-02-05,393.000000,"Perth Pasties"
1997-06-04,590.400000,"Perth Pasties"
1998-03-19,656.000000,"Perth Pasties"
1997-01-21,334.049998,"Perth Pasties"
1997-02-24,1310.000000,"Perth Pasties"
1997-01-16,262.000000,"Perth Pasties"
1998-01-09,656.000000,"Perth Pasties"
1998-01-15,265.680000,"Perth Pasties"
1997-08-11,393.600000,"Perth Pasties"
1996-08-20,754.559997,"Perth Pasties"
1998-02-03,98.400000,"Perth Pasties"
1997-04-10,196.800000,"Perth Pasties"
1996-12-19,1048.000000,"Perth Pasties"
1996-12-12,471.599999,"Perth Pasties"
1996-07-15,393.000000,"Perth Pasties"
1997-06-19,820.000000,"Perth Pasties"
1997-10-21,3936.000000,"Perth Pasties"
1996-12-26,1650.599998,"Perth Pasties"
1997-04-11,328.000000,"Perth Pasties"
1997-09-19,328.000000,"Perth Pasties"
1997-03-19,733.600000,"Perth Pasties"
1996-09-23,524.000000,"Perth Pasties"
1996-09-16,262.000000,"Perth Pasties"
1997-04-29,164.000000,"Perth Pasties"
1997-10-21,93.480000,"Perth Pasties"
1997-08-29,778.999999,"Perth Pasties"
1998-04-30,262.399999,"Perth Pasties"
1998-05-01,737.999999,"Perth Pasties"
1998-01-29,195.562500,"Tourti?re"
1998-05-01,111.750000,"Tourti?re"
1996-11-22,165.200000,"Tourti?re"
1996-12-06,59.000000,"Tourti?re"
1997-12-17,17.880000,"Tourti?re"
1997-05-12,59.600000,"Tourti?re"
1997-12-26,46.935000,"Tourti?re"
1997-01-31,236.000000,"Tourti?re"
1997-03-26,106.200000,"Tourti?re"
1997-02-11,472.000000,"Tourti?re"
1997-05-20,169.860000,"Tourti?re"
1998-02-11,202.639999,"Tourti?re"
1996-11-25,141.600000,"Tourti?re"
1997-10-24,111.750000,"Tourti?re"
1997-08-29,223.500000,"Tourti?re"
1997-02-13,88.500000,"Tourti?re"
1998-02-27,74.500000,"Tourti?re"
1997-10-27,223.500000,"Tourti?re"
1997-12-24,35.760000,"Tourti?re"
1998-04-20,74.500000,"Tourti?re"
1996-10-16,88.500000,"Tourti?re"
1997-07-07,372.500000,"Tourti?re"
1997-09-23,223.500000,"Tourti?re"
1997-09-02,40.230000,"Tourti?re"
1996-11-28,106.200000,"Tourti?re"
1997-12-23,22.350000,"Tourti?re"
1997-02-19,28.320000,"Tourti?re"
1997-07-16,29.800000,"Tourti?re"
1996-11-08,141.600000,"Tourti?re"
1997-01-08,35.400000,"Tourti?re"
1997-10-06,379.949997,"Tourti?re"
1996-08-23,53.100000,"Tourti?re"
1997-05-01,111.750000,"Tourti?re"
1996-09-16,29.500000,"Tourti?re"
1997-04-09,149.000000,"Tourti?re"
1996-11-12,100.299999,"Tourti?re"
1997-08-13,273.600000,"P?t? chinois"
1997-05-07,336.000000,"P?t? chinois"
1998-02-23,611.999996,"P?t? chinois"
1998-03-13,96.000000,"P?t? chinois"
1998-03-06,479.999998,"P?t? chinois"
1998-04-28,840.000000,"P?t? chinois"
1998-02-05,228.000000,"P?t? chinois"
1997-06-10,569.999999,"P?t? chinois"
1997-02-19,2073.599998,"P?t? chinois"
1997-03-25,518.399999,"P?t? chinois"
1997-03-17,36.480000,"P?t? chinois"
1997-06-05,410.400000,"P?t? chinois"
1997-11-04,288.000000,"P?t? chinois"
1997-07-30,120.000000,"P?t? chinois"
1997-12-29,1080.000000,"P?t? chinois"
1996-11-18,230.400000,"P?t? chinois"
1998-04-16,840.000000,"P?t? chinois"
1996-07-11,342.719998,"P?t? chinois"
1997-10-16,504.000000,"P?t? chinois"
1998-04-06,144.000000,"P?t? chinois"
1998-04-06,960.000000,"P?t? chinois"
1996-10-30,614.399998,"P?t? chinois"
1997-07-22,383.999999,"P?t? chinois"
1997-10-31,144.000000,"P?t? chinois"
1997-09-15,86.400000,"P?t? chinois"
1996-12-30,2073.599998,"P?t? chinois"
1996-08-14,384.000000,"P?t? chinois"
1998-05-06,48.000000,"P?t? chinois"
1998-05-01,86.400000,"P?t? chinois"
1998-04-01,1325.999991,"P?t? chinois"
1996-12-20,288.000000,"P?t? chinois"
1997-02-28,864.000000,"P?t? chinois"
1997-01-24,144.000000,"P?t? chinois"
1997-02-03,851.200000,"Gnocchi di nonna Alice"
1998-01-01,645.999995,"Gnocchi di nonna Alice"
1998-03-20,387.599997,"Gnocchi di nonna Alice"
1998-01-20,1140.000000,"Gnocchi di nonna Alice"
1997-04-28,1520.000000,"Gnocchi di nonna Alice"
1998-02-19,608.000000,"Gnocchi di nonna Alice"
1997-10-22,513.000000,"Gnocchi di nonna Alice"
1998-04-16,760.000000,"Gnocchi di nonna Alice"
1997-02-26,456.000000,"Gnocchi di nonna Alice"
1996-07-22,60.800000,"Gnocchi di nonna Alice"
1997-02-05,1094.399999,"Gnocchi di nonna Alice"
1997-04-22,2660.000000,"Gnocchi di nonna Alice"
1997-01-30,912.000000,"Gnocchi di nonna Alice"
1997-04-02,912.000000,"Gnocchi di nonna Alice"
1996-10-15,346.560000,"Gnocchi di nonna Alice"
1996-11-05,608.000000,"Gnocchi di nonna Alice"
1996-12-02,410.400000,"Gnocchi di nonna Alice"
1998-01-07,1140.000000,"Gnocchi di nonna Alice"
1998-04-13,190.000000,"Gnocchi di nonna Alice"
1997-07-11,151.999999,"Gnocchi di nonna Alice"
1997-11-03,361.000000,"Gnocchi di nonna Alice"
1996-09-02,121.600000,"Gnocchi di nonna Alice"
1997-11-13,425.599998,"Gnocchi di nonna Alice"
1997-06-17,2165.999998,"Gnocchi di nonna Alice"
1997-08-01,760.000000,"Gnocchi di nonna Alice"
1997-05-05,968.999993,"Gnocchi di nonna Alice"
1998-02-12,758.099999,"Gnocchi di nonna Alice"
1997-07-31,532.000000,"Gnocchi di nonna Alice"
1996-12-16,608.000000,"Gnocchi di nonna Alice"
1997-01-27,152.000000,"Gnocchi di nonna Alice"
1997-12-17,607.999998,"Gnocchi di nonna Alice"
1997-12-02,2280.000000,"Gnocchi di nonna Alice"
1997-09-04,1710.000000,"Gnocchi di nonna Alice"
1997-12-22,645.999995,"Gnocchi di nonna Alice"
1997-08-19,2165.999998,"Gnocchi di nonna Alice"
1997-11-20,570.000000,"Gnocchi di nonna Alice"
1997-09-10,387.599997,"Gnocchi di nonna Alice"
1997-04-04,425.600000,"Gnocchi di nonna Alice"
1997-10-21,1140.000000,"Gnocchi di nonna Alice"
1997-03-04,729.599997,"Gnocchi di nonna Alice"
1997-11-26,855.000000,"Gnocchi di nonna Alice"
1998-01-27,912.000000,"Gnocchi di nonna Alice"
1997-07-23,1064.000000,"Gnocchi di nonna Alice"
1997-06-02,1215.999995,"Gnocchi di nonna Alice"
1998-03-12,684.000000,"Gnocchi di nonna Alice"
1996-09-09,608.000000,"Gnocchi di nonna Alice"
1997-10-02,570.000000,"Gnocchi di nonna Alice"
1997-03-11,608.000000,"Gnocchi di nonna Alice"
1997-01-01,2128.000000,"Gnocchi di nonna Alice"
1997-11-20,1064.000000,"Gnocchi di nonna Alice"
1998-04-28,390.000000,"Ravioli Angelo"
1997-07-11,390.000000,"Ravioli Angelo"
1997-06-24,117.000000,"Ravioli Angelo"
1998-03-27,292.500000,"Ravioli Angelo"
1996-11-15,390.000000,"Ravioli Angelo"
1996-10-10,249.600000,"Ravioli Angelo"
1998-01-12,292.500000,"Ravioli Angelo"
1997-10-16,780.000000,"Ravioli Angelo"
1997-01-16,312.000000,"Ravioli Angelo"
1997-05-13,87.750000,"Ravioli Angelo"
1998-02-27,390.000000,"Ravioli Angelo"
1996-07-19,780.000000,"Ravioli Angelo"
1997-02-06,187.199999,"Ravioli Angelo"
1998-01-09,292.500000,"Ravioli Angelo"
1998-01-16,468.000000,"Ravioli Angelo"
1996-08-15,31.200000,"Ravioli Angelo"
1998-04-21,546.000000,"Ravioli Angelo"
1997-11-26,204.750000,"Ravioli Angelo"
1998-03-06,585.000000,"Ravioli Angelo"
1997-06-27,78.000000,"Ravioli Angelo"
1998-01-26,185.250000,"Ravioli Angelo"
1996-07-08,222.300000,"Ravioli Angelo"
1996-11-29,390.000000,"Ravioli Angelo"
1997-09-19,397.500000,"Escargots de Bourgogne"
1997-07-09,397.500000,"Escargots de Bourgogne"
1997-08-19,79.500000,"Escargots de Bourgogne"
1998-04-09,503.499999,"Escargots de Bourgogne"
1998-02-24,198.750000,"Escargots de Bourgogne"
1996-12-05,159.000000,"Escargots de Bourgogne"
1997-05-14,265.000000,"Escargots de Bourgogne"
1996-10-11,254.399999,"Escargots de Bourgogne"
1996-09-25,286.200000,"Escargots de Bourgogne"
1998-01-19,357.750000,"Escargots de Bourgogne"
1997-10-22,119.250000,"Escargots de Bourgogne"
1998-02-02,135.149999,"Escargots de Bourgogne"
1996-12-05,678.399997,"Escargots de Bourgogne"
1998-01-21,715.499999,"Escargots de Bourgogne"
1997-10-08,298.125000,"Escargots de Bourgogne"
1998-02-26,198.750000,"Escargots de Bourgogne"
1997-09-09,519.399998,"Escargots de Bourgogne"
1998-03-06,317.999999,"Escargots de Bourgogne"
1997-01-23,880.000000,"Raclette Courdavault"
1997-03-19,2640.000000,"Raclette Courdavault"
1997-11-03,522.499999,"Raclette Courdavault"
1996-10-14,396.000000,"Raclette Courdavault"
1998-01-26,2194.499998,"Raclette Courdavault"
1997-03-27,1320.000000,"Raclette Courdavault"
1998-04-07,550.000000,"Raclette Courdavault"
1996-07-29,2617.999982,"Raclette Courdavault"
1997-06-12,1759.999993,"Raclette Courdavault"
1996-07-12,1320.000000,"Raclette Courdavault"
1997-10-14,1925.000000,"Raclette Courdavault"
1998-04-17,1650.000000,"Raclette Courdavault"
1997-03-20,528.000000,"Raclette Courdavault"
1996-12-18,528.000000,"Raclette Courdavault"
1998-04-17,4125.000000,"Raclette Courdavault"
1996-10-08,1495.999989,"Raclette Courdavault"
1998-04-13,6050.000000,"Raclette Courdavault"
1997-01-30,2463.999991,"Raclette Courdavault"
1996-10-29,336.599998,"Raclette Courdavault"
1998-04-20,1650.000000,"Raclette Courdavault"
1998-01-20,2750.000000,"Raclette Courdavault"
1998-03-13,220.000000,"Raclette Courdavault"
1996-08-07,250.800000,"Raclette Courdavault"
1997-01-10,316.799999,"Raclette Courdavault"
1997-01-10,704.000000,"Raclette Courdavault"
1998-02-17,2089.999998,"Raclette Courdavault"
1996-09-12,440.000000,"Raclette Courdavault"
1997-09-23,660.000000,"Raclette Courdavault"
1998-04-02,940.499999,"Raclette Courdavault"
1996-08-12,660.000000,"Raclette Courdavault"
1998-01-09,1979.999998,"Raclette Courdavault"
1997-11-21,1168.749992,"Raclette Courdavault"
1997-05-13,742.499999,"Raclette Courdavault"
1997-12-30,783.749999,"Raclette Courdavault"
1998-01-15,825.000000,"Raclette Courdavault"
1997-07-21,1044.999999,"Raclette Courdavault"
1997-12-10,1375.000000,"Raclette Courdavault"
1997-06-20,660.000000,"Raclette Courdavault"
1997-04-24,220.000000,"Raclette Courdavault"
1997-09-11,55.000000,"Raclette Courdavault"
1997-05-08,110.000000,"Raclette Courdavault"
1997-10-16,440.000000,"Raclette Courdavault"
1997-12-26,1375.000000,"Raclette Courdavault"
1998-04-16,1320.000000,"Raclette Courdavault"
1997-02-25,1584.000000,"Raclette Courdavault"
1997-11-20,330.000000,"Raclette Courdavault"
1997-10-13,1963.499986,"Raclette Courdavault"
1996-09-05,990.000000,"Raclette Courdavault"
1997-07-16,1925.000000,"Raclette Courdavault"
1997-03-31,2640.000000,"Raclette Courdavault"
1997-11-18,2475.000000,"Raclette Courdavault"
1997-10-06,1375.000000,"Raclette Courdavault"
1997-07-31,1402.499990,"Raclette Courdavault"
1997-11-27,385.000000,"Raclette Courdavault"
1998-03-02,340.000000,"Camembert Pierrot"
1997-08-11,680.000000,"Camembert Pierrot"
1997-07-25,510.000000,"Camembert Pierrot"
1997-03-20,1088.000000,"Camembert Pierrot"
1998-03-10,1249.500000,"Camembert Pierrot"
1998-01-22,1223.999995,"Camembert Pierrot"
1996-12-12,146.880000,"Camembert Pierrot"
1996-12-16,408.000000,"Camembert Pierrot"
1997-09-26,1020.000000,"Camembert Pierrot"
1998-04-29,714.000000,"Camembert Pierrot"
1996-07-09,1088.000000,"Camembert Pierrot"
1996-11-22,1346.399999,"Camembert Pierrot"
1998-04-28,1700.000000,"Camembert Pierrot"
1998-04-02,136.000000,"Camembert Pierrot"
1997-11-14,1700.000000,"Camembert Pierrot"
1998-04-08,306.000000,"Camembert Pierrot"
1997-08-08,340.000000,"Camembert Pierrot"
1997-10-17,340.000000,"Camembert Pierrot"
1998-01-16,2040.000000,"Camembert Pierrot"
1998-03-17,693.599995,"Camembert Pierrot"
1998-05-06,63.920000,"Camembert Pierrot"
1996-12-04,1428.000000,"Camembert Pierrot"
1997-07-28,1360.000000,"Camembert Pierrot"
1996-08-30,571.200000,"Camembert Pierrot"
1997-07-21,2260.999998,"Camembert Pierrot"
1997-01-20,1550.399998,"Camembert Pierrot"
1996-12-17,435.199998,"Camembert Pierrot"
1996-11-19,174.079999,"Camembert Pierrot"
1997-04-28,323.000000,"Camembert Pierrot"
1996-08-16,952.000000,"Camembert Pierrot"
1998-04-30,510.000000,"Camembert Pierrot"
1998-04-29,1190.000000,"Camembert Pierrot"
1997-11-04,510.000000,"Camembert Pierrot"
1997-09-05,1776.499998,"Camembert Pierrot"
1998-03-02,637.500000,"Camembert Pierrot"
1996-11-21,2067.199998,"Camembert Pierrot"
1997-09-02,611.999999,"Camembert Pierrot"
1997-06-30,693.599995,"Camembert Pierrot"
1997-04-23,2427.599983,"Camembert Pierrot"
1996-08-19,408.000000,"Camembert Pierrot"
1998-04-30,136.000000,"Camembert Pierrot"
1997-04-21,346.799998,"Camembert Pierrot"
1997-12-08,510.000000,"Camembert Pierrot"
1998-01-13,1020.000000,"Camembert Pierrot"
1997-09-04,1020.000000,"Camembert Pierrot"
1998-03-19,57.800000,"Camembert Pierrot"
1998-02-18,3400.000000,"Camembert Pierrot"
1998-04-09,1162.799999,"Camembert Pierrot"
1997-05-14,892.500000,"Camembert Pierrot"
1998-01-13,714.000000,"Camembert Pierrot"
1997-03-04,544.000000,"Camembert Pierrot"
1998-04-03,199.500000,"Sirop d'?rable"
1998-02-25,427.500000,"Sirop d'?rable"
1998-04-22,114.000000,"Sirop d'?rable"
1998-02-26,142.500000,"Sirop d'?rable"
1997-10-24,285.000000,"Sirop d'?rable"
1997-02-24,570.000000,"Sirop d'?rable"
1997-08-22,455.999998,"Sirop d'?rable"
1997-01-17,364.800000,"Sirop d'?rable"
1998-02-10,683.999997,"Sirop d'?rable"
1997-04-11,712.500000,"Sirop d'?rable"
1998-03-06,855.000000,"Sirop d'?rable"
1997-02-10,1744.199988,"Sirop d'?rable"
1997-05-28,256.500000,"Sirop d'?rable"
1998-04-29,114.000000,"Sirop d'?rable"
1998-01-05,726.749995,"Sirop d'?rable"
1997-10-30,142.500000,"Sirop d'?rable"
1998-04-27,227.999999,"Sirop d'?rable"
1997-04-22,341.999999,"Sirop d'?rable"
1998-04-01,1598.849989,"Sirop d'?rable"
1997-12-08,570.000000,"Sirop d'?rable"
1997-05-08,570.000000,"Sirop d'?rable"
1997-07-10,2565.000000,"Sirop d'?rable"
1997-11-10,512.999999,"Sirop d'?rable"
1998-04-20,171.000000,"Sirop d'?rable"
1996-09-27,2758.000000,"Tarte au sucre"
1996-09-20,197.000000,"Tarte au sucre"
1997-11-19,443.700000,"Tarte au sucre"
1997-12-29,184.875000,"Tarte au sucre"
1998-03-11,1109.250000,"Tarte au sucre"
1996-12-25,394.000000,"Tarte au sucre"
1998-01-06,936.699999,"Tarte au sucre"
1998-04-16,776.475000,"Tarte au sucre"
1997-07-22,394.399999,"Tarte au sucre"
1998-04-23,591.600000,"Tarte au sucre"
1997-07-15,493.000000,"Tarte au sucre"
1998-02-23,251.429998,"Tarte au sucre"
1997-10-03,2366.400000,"Tarte au sucre"
1997-01-14,1576.000000,"Tarte au sucre"
1998-03-20,502.859996,"Tarte au sucre"
1997-06-06,554.625000,"Tarte au sucre"
1996-10-28,1103.200000,"Tarte au sucre"
1997-04-14,147.900000,"Tarte au sucre"
1997-09-17,493.000000,"Tarte au sucre"
1997-05-23,1972.000000,"Tarte au sucre"
1996-09-25,886.499999,"Tarte au sucre"
1997-06-09,443.700000,"Tarte au sucre"
1997-05-30,936.699999,"Tarte au sucre"
1996-08-09,472.800000,"Tarte au sucre"
1998-01-26,2465.000000,"Tarte au sucre"
1996-08-21,1576.000000,"Tarte au sucre"
1997-02-18,1379.000000,"Tarte au sucre"
1997-01-08,1379.000000,"Tarte au sucre"
1998-02-05,936.699999,"Tarte au sucre"
1997-12-26,98.600000,"Tarte au sucre"
1997-10-27,986.000000,"Tarte au sucre"
1998-01-30,147.900000,"Tarte au sucre"
1998-02-24,1725.500000,"Tarte au sucre"
1996-09-17,394.000000,"Tarte au sucre"
1998-03-13,2958.000000,"Tarte au sucre"
1998-01-06,1047.624993,"Tarte au sucre"
1998-03-31,1774.799998,"Tarte au sucre"
1998-01-08,147.900000,"Tarte au sucre"
1997-12-08,739.500000,"Tarte au sucre"
1997-12-16,986.000000,"Tarte au sucre"
1997-08-15,3352.399976,"Tarte au sucre"
1996-09-05,591.000000,"Tarte au sucre"
1997-08-11,739.500000,"Tarte au sucre"
1996-07-19,443.250000,"Tarte au sucre"
1998-03-06,621.179999,"Tarte au sucre"
1997-11-27,1479.000000,"Tarte au sucre"
1997-06-19,493.000000,"Tarte au sucre"
1996-12-20,788.000000,"Tarte au sucre"
1997-11-19,395.100000,"Vegie-spread"
1997-07-11,842.879997,"Vegie-spread"
1996-08-29,175.500000,"Vegie-spread"
1998-03-25,439.000000,"Vegie-spread"
1997-12-22,1317.000000,"Vegie-spread"
1998-03-03,1756.000000,"Vegie-spread"
1997-10-03,878.000000,"Vegie-spread"
1998-03-26,1536.500000,"Vegie-spread"
1998-04-22,1317.000000,"Vegie-spread"
1998-03-26,878.000000,"Vegie-spread"
1996-08-12,280.800000,"Vegie-spread"
1997-01-29,921.375000,"Vegie-spread"
1997-01-02,2281.500000,"Vegie-spread"
1998-04-16,526.800000,"Vegie-spread"
1996-10-08,2386.799983,"Vegie-spread"
1996-12-11,505.439999,"Vegie-spread"
1997-06-20,263.400000,"Vegie-spread"
1998-01-29,748.125000,"Wimmers gute Semmelkn?del"
1998-02-09,665.000000,"Wimmers gute Semmelkn?del"
1997-01-27,186.200000,"Wimmers gute Semmelkn?del"
1997-08-12,299.250000,"Wimmers gute Semmelkn?del"
1997-03-19,798.000000,"Wimmers gute Semmelkn?del"
1997-03-11,212.800000,"Wimmers gute Semmelkn?del"
1998-03-23,133.000000,"Wimmers gute Semmelkn?del"
1998-02-05,473.812500,"Wimmers gute Semmelkn?del"
1996-11-29,837.899999,"Wimmers gute Semmelkn?del"
1997-11-27,798.000000,"Wimmers gute Semmelkn?del"
1998-04-17,665.000000,"Wimmers gute Semmelkn?del"
1997-06-19,199.500000,"Wimmers gute Semmelkn?del"
1998-01-16,997.500000,"Wimmers gute Semmelkn?del"
1998-05-05,4322.500000,"Wimmers gute Semmelkn?del"
1997-09-25,931.000000,"Wimmers gute Semmelkn?del"
1997-02-19,837.899999,"Wimmers gute Semmelkn?del"
1996-12-03,798.000000,"Wimmers gute Semmelkn?del"
1997-12-25,930.999997,"Wimmers gute Semmelkn?del"
1998-01-21,1596.000000,"Wimmers gute Semmelkn?del"
1996-08-26,239.400000,"Wimmers gute Semmelkn?del"
1998-04-27,664.999998,"Wimmers gute Semmelkn?del"
1997-02-05,718.199999,"Wimmers gute Semmelkn?del"
1998-05-06,64.505000,"Wimmers gute Semmelkn?del"
1998-01-14,99.750000,"Wimmers gute Semmelkn?del"
1996-10-31,1330.000000,"Wimmers gute Semmelkn?del"
1997-09-15,448.875000,"Wimmers gute Semmelkn?del"
1997-06-03,997.500000,"Wimmers gute Semmelkn?del"
1997-02-07,159.600000,"Wimmers gute Semmelkn?del"
1997-06-11,538.649999,"Wimmers gute Semmelkn?del"
1998-03-18,266.000000,"Wimmers gute Semmelkn?del"
1997-02-14,588.000000,"Louisiana Fiery Hot Pepper Sauce"
1997-06-26,599.924999,"Louisiana Fiery Hot Pepper Sauce"
1998-02-10,210.500000,"Louisiana Fiery Hot Pepper Sauce"
1998-04-15,442.050000,"Louisiana Fiery Hot Pepper Sauce"
1996-11-28,252.000000,"Louisiana Fiery Hot Pepper Sauce"
1998-02-05,419.947500,"Louisiana Fiery Hot Pepper Sauce"
1996-10-14,672.000000,"Louisiana Fiery Hot Pepper Sauce"
1997-10-09,1299.837499,"Louisiana Fiery Hot Pepper Sauce"
1997-04-11,421.000000,"Louisiana Fiery Hot Pepper Sauce"
1997-08-20,442.050000,"Louisiana Fiery Hot Pepper Sauce"
1996-12-11,302.400000,"Louisiana Fiery Hot Pepper Sauce"
1996-09-11,453.599999,"Louisiana Fiery Hot Pepper Sauce"
1997-07-11,202.079999,"Louisiana Fiery Hot Pepper Sauce"
1997-11-05,199.975000,"Louisiana Fiery Hot Pepper Sauce"
1997-09-12,210.500000,"Louisiana Fiery Hot Pepper Sauce"
1998-02-12,239.970000,"Louisiana Fiery Hot Pepper Sauce"
1997-09-17,252.600000,"Louisiana Fiery Hot Pepper Sauce"
1997-02-19,423.360000,"Louisiana Fiery Hot Pepper Sauce"
1997-04-22,820.950000,"Louisiana Fiery Hot Pepper Sauce"
1996-11-11,159.600000,"Louisiana Fiery Hot Pepper Sauce"
1997-05-19,682.019999,"Louisiana Fiery Hot Pepper Sauce"
1997-09-10,268.387498,"Louisiana Fiery Hot Pepper Sauce"
1997-01-01,336.000000,"Louisiana Fiery Hot Pepper Sauce"
1996-07-08,214.199998,"Louisiana Fiery Hot Pepper Sauce"
1997-12-04,1515.599998,"Louisiana Fiery Hot Pepper Sauce"
1996-11-28,84.000000,"Louisiana Fiery Hot Pepper Sauce"
1997-04-02,226.800000,"Louisiana Fiery Hot Pepper Sauce"
1996-07-08,336.000000,"Louisiana Fiery Hot Pepper Sauce"
1998-01-27,268.387498,"Louisiana Fiery Hot Pepper Sauce"
1998-02-24,442.050000,"Louisiana Fiery Hot Pepper Sauce"
1997-11-11,842.000000,"Louisiana Fiery Hot Pepper Sauce"
1997-12-31,42.100000,"Louisiana Fiery Hot Pepper Sauce"
1997-02-11,816.000000,"Louisiana Hot Spiced Okra"
1997-05-09,408.000000,"Louisiana Hot Spiced Okra"
1997-09-25,68.000000,"Louisiana Hot Spiced Okra"
1997-04-02,122.400000,"Louisiana Hot Spiced Okra"
1997-03-14,693.599995,"Louisiana Hot Spiced Okra"
1997-12-11,850.000000,"Louisiana Hot Spiced Okra"
1998-05-06,17.000000,"Louisiana Hot Spiced Okra"
1996-09-09,408.000000,"Louisiana Hot Spiced Okra"
1997-12-12,42.000000,"Laughing Lumberjack Lager"
1996-08-19,42.000000,"Laughing Lumberjack Lager"
1997-04-10,420.000000,"Laughing Lumberjack Lager"
1998-03-03,268.799999,"Laughing Lumberjack Lager"
1998-02-02,210.000000,"Laughing Lumberjack Lager"
1997-09-16,350.000000,"Laughing Lumberjack Lager"
1997-05-21,98.000000,"Laughing Lumberjack Lager"
1998-03-10,475.999997,"Laughing Lumberjack Lager"
1998-02-26,210.000000,"Laughing Lumberjack Lager"
1998-04-28,280.000000,"Laughing Lumberjack Lager"
1998-05-01,687.500000,"Scottish Longbreads"
1997-05-19,437.500000,"Scottish Longbreads"
1996-09-17,30.000000,"Scottish Longbreads"
1997-01-23,239.999999,"Scottish Longbreads"
1998-04-09,25.000000,"Scottish Longbreads"
1997-05-07,250.000000,"Scottish Longbreads"
1997-08-01,187.500000,"Scottish Longbreads"
1997-04-29,75.000000,"Scottish Longbreads"
1996-12-17,64.000000,"Scottish Longbreads"
1998-01-20,250.000000,"Scottish Longbreads"
1997-03-31,300.000000,"Scottish Longbreads"
1997-11-27,60.000000,"Scottish Longbreads"
1998-01-13,300.000000,"Scottish Longbreads"
1998-04-24,525.000000,"Scottish Longbreads"
1997-08-06,179.999999,"Scottish Longbreads"
1996-12-31,600.000000,"Scottish Longbreads"
1997-10-29,562.500000,"Scottish Longbreads"
1996-09-11,135.000000,"Scottish Longbreads"
1997-02-28,157.500000,"Scottish Longbreads"
1997-12-22,225.000000,"Scottish Longbreads"
1997-12-23,187.500000,"Scottish Longbreads"
1997-09-09,125.000000,"Scottish Longbreads"
1998-02-16,225.000000,"Scottish Longbreads"
1997-12-05,500.000000,"Scottish Longbreads"
1997-10-10,399.999999,"Scottish Longbreads"
1998-02-04,250.000000,"Scottish Longbreads"
1996-10-21,100.000000,"Scottish Longbreads"
1996-10-14,100.000000,"Scottish Longbreads"
1996-09-09,200.000000,"Scottish Longbreads"
1996-08-23,27.000000,"Scottish Longbreads"
1996-10-31,38.000000,"Scottish Longbreads"
1997-01-16,270.000000,"Scottish Longbreads"
1998-03-11,750.000000,"Scottish Longbreads"
1998-02-24,250.000000,"Scottish Longbreads"
1998-02-18,1709.999998,"Gudbrandsdalsost"
1997-11-19,1080.000000,"Gudbrandsdalsost"
1997-10-06,917.999994,"Gudbrandsdalsost"
1996-11-26,864.000000,"Gudbrandsdalsost"
1997-11-19,1440.000000,"Gudbrandsdalsost"
1996-09-20,201.600000,"Gudbrandsdalsost"
1998-04-17,1166.399999,"Gudbrandsdalsost"
1996-11-11,466.559999,"Gudbrandsdalsost"
1997-01-07,432.000000,"Gudbrandsdalsost"
1997-04-02,259.200000,"Gudbrandsdalsost"
1998-04-14,1080.000000,"Gudbrandsdalsost"
1996-12-26,230.400000,"Gudbrandsdalsost"
1997-07-10,1755.000000,"Gudbrandsdalsost"
1997-12-25,691.199997,"Gudbrandsdalsost"
1997-10-24,854.999999,"Gudbrandsdalsost"
1997-09-12,1295.999995,"Gudbrandsdalsost"
1997-08-21,540.000000,"Gudbrandsdalsost"
1997-11-24,108.000000,"Gudbrandsdalsost"
1998-03-19,324.000000,"Gudbrandsdalsost"
1997-07-09,575.999998,"Gudbrandsdalsost"
1997-11-26,675.000000,"Gudbrandsdalsost"
1996-12-24,1440.000000,"Gudbrandsdalsost"
1997-06-30,305.999998,"Gudbrandsdalsost"
1996-11-18,576.000000,"Gudbrandsdalsost"
1997-11-27,575.999998,"Gudbrandsdalsost"
1998-03-20,360.000000,"Gudbrandsdalsost"
1996-09-18,28.800000,"Gudbrandsdalsost"
1996-09-03,432.000000,"Gudbrandsdalsost"
1997-05-29,648.000000,"Gudbrandsdalsost"
1997-01-20,547.199999,"Gudbrandsdalsost"
1997-05-07,360.000000,"Gudbrandsdalsost"
1996-12-20,360.000000,"Outback Lager"
1998-01-23,382.499997,"Outback Lager"
1998-01-29,60.000000,"Outback Lager"
1997-05-15,105.000000,"Outback Lager"
1997-08-21,168.750000,"Outback Lager"
1998-02-12,450.000000,"Outback Lager"
1997-10-08,337.500000,"Outback Lager"
1996-07-25,240.000000,"Outback Lager"
1998-01-09,135.000000,"Outback Lager"
1998-04-29,45.000000,"Outback Lager"
1997-04-24,90.000000,"Outback Lager"
1997-02-21,270.000000,"Outback Lager"
1996-09-26,360.000000,"Outback Lager"
1998-04-30,143.999999,"Outback Lager"
1998-01-20,180.000000,"Outback Lager"
1998-01-08,90.000000,"Outback Lager"
1996-09-06,240.000000,"Outback Lager"
1997-10-16,356.999997,"Outback Lager"
1997-03-17,144.000000,"Outback Lager"
1998-02-10,599.999998,"Outback Lager"
1998-01-22,450.000000,"Outback Lager"
1997-08-05,300.000000,"Outback Lager"
1996-07-19,189.000000,"Outback Lager"
1997-03-25,647.999999,"Outback Lager"
1997-04-15,189.000000,"Outback Lager"
1997-11-28,600.000000,"Outback Lager"
1998-04-13,450.000000,"Outback Lager"
1997-09-05,569.999999,"Outback Lager"
1997-10-06,750.000000,"Outback Lager"
1998-04-01,239.999999,"Outback Lager"
1996-09-18,60.000000,"Outback Lager"
1998-02-20,33.750000,"Outback Lager"
1997-10-09,114.000000,"Outback Lager"
1996-12-12,360.000000,"Outback Lager"
1997-07-31,213.750000,"Outback Lager"
1997-01-21,86.400000,"Outback Lager"
1998-04-21,60.000000,"Outback Lager"
1998-01-01,75.000000,"Outback Lager"
1997-12-16,525.000000,"Outback Lager"
1997-12-08,258.000000,"Fl?temysost"
1997-07-14,193.500000,"Fl?temysost"
1996-12-05,687.999997,"Fl?temysost"
1998-01-22,945.999996,"Fl?temysost"
1998-02-23,645.000000,"Fl?temysost"
1997-05-19,174.150000,"Fl?temysost"
1996-10-18,619.199999,"Fl?temysost"
1997-01-01,1032.000000,"Fl?temysost"
1997-08-27,483.750000,"Fl?temysost"
1996-12-18,258.000000,"Fl?temysost"
1997-10-10,1031.999996,"Fl?temysost"
1998-04-17,344.000000,"Fl?temysost"
1998-04-08,451.500000,"Fl?temysost"
1996-09-12,34.400000,"Fl?temysost"
1997-02-26,860.000000,"Fl?temysost"
1996-08-06,344.000000,"Fl?temysost"
1997-03-13,206.400000,"Fl?temysost"
1996-11-26,86.000000,"Fl?temysost"
1997-08-11,430.000000,"Fl?temysost"
1996-12-10,103.200000,"Fl?temysost"
1998-04-21,645.000000,"Fl?temysost"
1997-01-07,258.000000,"Fl?temysost"
1997-08-05,322.500000,"Fl?temysost"
1997-10-23,645.000000,"Fl?temysost"
1997-02-24,516.000000,"Fl?temysost"
1997-02-14,34.400000,"Fl?temysost"
1997-07-21,306.375000,"Fl?temysost"
1998-02-27,537.500000,"Fl?temysost"
1996-12-27,1032.000000,"Fl?temysost"
1998-03-10,564.375000,"Fl?temysost"
1996-12-31,516.000000,"Fl?temysost"
1998-04-09,1225.499999,"Fl?temysost"
1997-09-12,240.799999,"Fl?temysost"
1997-12-10,344.000000,"Fl?temysost"
1997-07-31,306.375000,"Fl?temysost"
1997-09-17,258.000000,"Fl?temysost"
1998-04-09,430.000000,"Fl?temysost"
1997-10-13,365.499997,"Fl?temysost"
1996-09-19,51.600000,"Fl?temysost"
1996-10-03,516.000000,"Fl?temysost"
1998-04-15,1075.000000,"Fl?temysost"
1997-10-28,172.000000,"Fl?temysost"
1996-07-30,111.200000,"Mozzarella di Giovanni"
1997-05-14,730.800000,"Mozzarella di Giovanni"
1998-03-31,696.000000,"Mozzarella di Giovanni"
1997-04-04,695.000000,"Mozzarella di Giovanni"
1997-06-03,835.200000,"Mozzarella di Giovanni"
1996-08-06,194.600000,"Mozzarella di Giovanni"
1997-11-18,243.600000,"Mozzarella di Giovanni"
1997-02-04,278.000000,"Mozzarella di Giovanni"
1998-04-14,1218.000000,"Mozzarella di Giovanni"
1996-09-04,556.000000,"Mozzarella di Giovanni"
1997-05-15,34.800000,"Mozzarella di Giovanni"
1998-04-01,69.600000,"Mozzarella di Giovanni"
1997-11-14,1218.000000,"Mozzarella di Giovanni"
1997-08-20,2088.000000,"Mozzarella di Giovanni"
1997-12-18,887.399994,"Mozzarella di Giovanni"
1996-12-04,875.700000,"Mozzarella di Giovanni"
1998-03-06,556.800000,"Mozzarella di Giovanni"
1998-01-19,469.799999,"Mozzarella di Giovanni"
1997-12-26,348.000000,"Mozzarella di Giovanni"
1996-10-09,1112.000000,"Mozzarella di Giovanni"
1996-07-04,174.000000,"Mozzarella di Giovanni"
1996-07-31,528.199999,"Mozzarella di Giovanni"
1996-10-16,590.749996,"Mozzarella di Giovanni"
1998-03-18,174.000000,"Mozzarella di Giovanni"
1997-08-28,522.000000,"Mozzarella di Giovanni"
1996-08-16,83.400000,"Mozzarella di Giovanni"
1997-05-12,835.200000,"Mozzarella di Giovanni"
1996-12-27,583.800000,"Mozzarella di Giovanni"
1997-02-27,1112.000000,"Mozzarella di Giovanni"
1998-03-04,348.000000,"Mozzarella di Giovanni"
1996-10-24,695.000000,"Mozzarella di Giovanni"
1998-01-02,1252.799999,"Mozzarella di Giovanni"
1997-07-22,417.600000,"Mozzarella di Giovanni"
1996-08-02,667.200000,"Mozzarella di Giovanni"
1996-12-23,600.479999,"Mozzarella di Giovanni"
1997-06-20,1044.000000,"Mozzarella di Giovanni"
1998-03-11,1740.000000,"Mozzarella di Giovanni"
1997-05-06,313.200000,"Mozzarella di Giovanni"
1998-05-06,29.700000,"R?d Kaviar"
1998-02-11,150.000000,"R?d Kaviar"
1997-07-16,450.000000,"R?d Kaviar"
1997-10-06,191.249999,"R?d Kaviar"
1997-05-12,342.000000,"R?d Kaviar"
1997-03-27,191.999999,"R?d Kaviar"
1997-06-04,45.000000,"R?d Kaviar"
1997-11-24,225.000000,"R?d Kaviar"
1997-08-11,446.249997,"R?d Kaviar"
1996-08-12,300.000000,"R?d Kaviar"
1997-01-21,216.000000,"R?d Kaviar"
1997-09-16,750.000000,"R?d Kaviar"
1997-05-14,135.000000,"R?d Kaviar"
1997-10-14,525.000000,"R?d Kaviar"
1996-07-11,168.000000,"Longlife Tofu"
1998-04-03,200.000000,"Longlife Tofu"
1997-02-07,240.000000,"Longlife Tofu"
1996-12-13,400.000000,"Longlife Tofu"
1998-01-22,200.000000,"Longlife Tofu"
1996-12-03,135.999999,"Longlife Tofu"
1997-01-17,120.000000,"Longlife Tofu"
1996-07-23,216.000000,"Longlife Tofu"
1996-12-12,112.000000,"Longlife Tofu"
1997-03-26,128.000000,"Longlife Tofu"
1997-12-17,350.000000,"Longlife Tofu"
1997-12-31,112.500000,"Longlife Tofu"
1997-11-25,50.000000,"Longlife Tofu"
1997-03-31,223.200000,"Rh?nbr?u Klosterbier"
1997-02-05,133.920000,"Rh?nbr?u Klosterbier"
1997-06-26,309.999999,"Rh?nbr?u Klosterbier"
1997-03-13,62.000000,"Rh?nbr?u Klosterbier"
1997-12-22,294.500000,"Rh?nbr?u Klosterbier"
1996-11-26,74.400000,"Rh?nbr?u Klosterbier"
1996-08-14,186.000000,"Rh?nbr?u Klosterbier"
1998-02-25,108.500000,"Rh?nbr?u Klosterbier"
1997-09-16,193.750000,"Rh?nbr?u Klosterbier"
1998-03-27,247.999999,"Rh?nbr?u Klosterbier"
1998-04-03,232.500000,"Rh?nbr?u Klosterbier"
1998-03-06,139.500000,"Rh?nbr?u Klosterbier"
1998-03-17,74.400000,"Rh?nbr?u Klosterbier"
1996-08-29,37.200000,"Rh?nbr?u Klosterbier"
1997-08-15,15.500000,"Rh?nbr?u Klosterbier"
1998-03-24,77.500000,"Rh?nbr?u Klosterbier"
1997-04-18,251.100000,"Rh?nbr?u Klosterbier"
1997-07-29,310.000000,"Rh?nbr?u Klosterbier"
1998-03-16,368.125000,"Rh?nbr?u Klosterbier"
1997-05-29,232.500000,"Rh?nbr?u Klosterbier"
1997-12-18,77.500000,"Rh?nbr?u Klosterbier"
1997-06-23,155.000000,"Rh?nbr?u Klosterbier"
1997-06-25,162.750000,"Rh?nbr?u Klosterbier"
1997-09-25,232.500000,"Rh?nbr?u Klosterbier"
1997-07-11,185.999999,"Rh?nbr?u Klosterbier"
1997-06-18,104.625000,"Rh?nbr?u Klosterbier"
1997-04-22,387.500000,"Rh?nbr?u Klosterbier"
1998-03-04,46.500000,"Rh?nbr?u Klosterbier"
1997-12-19,260.399999,"Rh?nbr?u Klosterbier"
1996-10-10,310.000000,"Rh?nbr?u Klosterbier"
1997-12-11,43.400000,"Rh?nbr?u Klosterbier"
1997-11-11,155.000000,"Rh?nbr?u Klosterbier"
1998-05-06,31.000000,"Rh?nbr?u Klosterbier"
1998-03-05,379.750000,"Rh?nbr?u Klosterbier"
1997-08-14,55.800000,"Rh?nbr?u Klosterbier"
1997-02-28,18.600000,"Rh?nbr?u Klosterbier"
1998-03-25,77.500000,"Rh?nbr?u Klosterbier"
1996-08-30,37.200000,"Rh?nbr?u Klosterbier"
1998-02-18,883.499999,"Rh?nbr?u Klosterbier"
1998-03-18,131.749999,"Rh?nbr?u Klosterbier"
1997-10-29,325.500000,"Rh?nbr?u Klosterbier"
1996-09-23,62.000000,"Rh?nbr?u Klosterbier"
1997-06-03,155.000000,"Rh?nbr?u Klosterbier"
1998-01-07,155.000000,"Rh?nbr?u Klosterbier"
1997-12-02,139.500000,"Rh?nbr?u Klosterbier"
1996-11-06,31.620000,"Rh?nbr?u Klosterbier"
1997-10-13,535.499996,"Lakkalik??ri"
1996-11-26,172.800000,"Lakkalik??ri"
1997-06-16,540.000000,"Lakkalik??ri"
1996-07-29,183.599999,"Lakkalik??ri"
1997-06-12,180.000000,"Lakkalik??ri"
1998-03-19,792.000000,"Lakkalik??ri"
1998-04-27,809.999999,"Lakkalik??ri"
1998-05-06,30.600000,"Lakkalik??ri"
1998-03-30,180.000000,"Lakkalik??ri"
1998-03-05,360.000000,"Lakkalik??ri"
1997-06-27,252.000000,"Lakkalik??ri"
1997-02-03,220.319998,"Lakkalik??ri"
1997-07-09,57.600000,"Lakkalik??ri"
1996-10-02,432.000000,"Lakkalik??ri"
1998-04-07,108.000000,"Lakkalik??ri"
1997-01-24,216.000000,"Lakkalik??ri"
1996-10-31,216.000000,"Lakkalik??ri"
1996-10-01,86.400000,"Lakkalik??ri"
1997-11-20,180.000000,"Lakkalik??ri"
1998-03-05,90.000000,"Lakkalik??ri"
1997-06-20,180.000000,"Lakkalik??ri"
1998-01-16,283.500000,"Lakkalik??ri"
1997-08-13,630.000000,"Lakkalik??ri"
1998-01-01,764.999995,"Lakkalik??ri"
1997-07-18,162.000000,"Lakkalik??ri"
1997-11-07,360.000000,"Lakkalik??ri"
1997-11-06,360.000000,"Lakkalik??ri"
1997-09-11,180.000000,"Lakkalik??ri"
1998-01-29,360.000000,"Lakkalik??ri"
1997-05-08,900.000000,"Lakkalik??ri"
1998-02-10,180.000000,"Lakkalik??ri"
1997-07-28,1440.000000,"Lakkalik??ri"
1998-03-19,1080.000000,"Lakkalik??ri"
1997-03-14,514.079996,"Lakkalik??ri"
1998-04-01,1295.999995,"Lakkalik??ri"
1996-12-31,504.000000,"Lakkalik??ri"
1997-01-14,201.600000,"Lakkalik??ri"
1996-08-05,451.440000,"Lakkalik??ri"
1997-10-13,270.000000,"Lakkalik??ri"
1997-06-23,234.000000,"Original Frankfurter gr?ne So?e"
1998-01-20,195.000000,"Original Frankfurter gr?ne So?e"
1998-03-12,520.000000,"Original Frankfurter gr?ne So?e"
1997-01-16,364.000000,"Original Frankfurter gr?ne So?e"
1997-11-10,23.400000,"Original Frankfurter gr?ne So?e"
1997-10-02,292.500000,"Original Frankfurter gr?ne So?e"
1998-01-09,175.500000,"Original Frankfurter gr?ne So?e"
1998-03-30,195.000000,"Original Frankfurter gr?ne So?e"
1997-07-17,48.750000,"Original Frankfurter gr?ne So?e"
1997-03-24,296.400000,"Original Frankfurter gr?ne So?e"
1998-02-13,520.000000,"Original Frankfurter gr?ne So?e"
1997-08-27,341.250000,"Original Frankfurter gr?ne So?e"
1998-04-03,259.350000,"Original Frankfurter gr?ne So?e"
1998-03-05,195.000000,"Original Frankfurter gr?ne So?e"
1997-05-30,123.500000,"Original Frankfurter gr?ne So?e"
1998-05-06,26.000000,"Original Frankfurter gr?ne So?e"
1997-04-03,52.000000,"Original Frankfurter gr?ne So?e"
1996-07-15,124.800000,"Original Frankfurter gr?ne So?e"
1998-02-12,325.000000,"Original Frankfurter gr?ne So?e"
1997-12-16,195.000000,"Original Frankfurter gr?ne So?e"
1998-01-02,260.000000,"Original Frankfurter gr?ne So?e"
1997-01-21,88.399999,"Original Frankfurter gr?ne So?e"
1997-02-19,514.799999,"Original Frankfurter gr?ne So?e"
1996-11-28,52.000000,"Original Frankfurter gr?ne So?e"
1997-07-02,260.000000,"Original Frankfurter gr?ne So?e"
1998-04-10,234.000000,"Original Frankfurter gr?ne So?e"
1998-04-30,130.000000,"Original Frankfurter gr?ne So?e"
1996-12-31,145.600000,"Original Frankfurter gr?ne So?e"
1997-09-05,864.499999,"Original Frankfurter gr?ne So?e"
1998-05-04,309.399998,"Original Frankfurter gr?ne So?e"
1996-07-16,156.000000,"Original Frankfurter gr?ne So?e"
1998-04-06,390.000000,"Original Frankfurter gr?ne So?e"
1997-07-07,740.999999,"Original Frankfurter gr?ne So?e"
1997-03-31,61.880000,"Original Frankfurter gr?ne So?e"
1997-04-04,260.000000,"Original Frankfurter gr?ne So?e"
1998-01-15,20.800000,"Original Frankfurter gr?ne So?e"
1996-08-27,104.000000,"Original Frankfurter gr?ne So?e"
1996-11-28,72.800000,"Original Frankfurter gr?ne So?e"
